Symbol,27-09-2024 OI,01-11-2024 OI,29-11-2024 OI,20-12-2024 OI,MAX,CURRENT OI IS MAX ?,AVG,AVG TO MAX,PRESENT TO LAST MONTH,27-09-2024 OI(LOTS),01-11-2024 OI(LOTS),29-11-2024 OI(LOTS),20-12-2024 OI(LOTS),MAX(LOTS),AVG(LOTS)
AARTIIND,15038000.0,14528000.0,15835000.0,12330000,15835000.0,NO,15133666,0.046343,0.778655,15038.0,14528.0,15835.0,12330.0,15835.0,15133
ABB,1369625.0,1732375.0,1471500.0,992500,1732375.0,NO,1524500,0.136356,0.674482,10957.0,13859.0,11772.0,7940.0,13859.0,12196
ABBOTINDIA,98840.0,102620.0,93760.0,57620,102620.0,NO,98406,0.042823,0.614548,4942.0,5131.0,4688.0,2881.0,5131.0,4920
ABCAPITAL,49825800.0,70348500.0,67246200.0,52720200,70348500.0,NO,62473500,0.126053,0.783988,9227.0,26055.0,24906.0,19526.0,26055.0,20062
ABFRL,48248200.0,55876600.0,52855400.0,49150400,55876600.0,NO,52326733,0.06784,0.929903,18557.0,21491.0,20329.0,18904.0,21491.0,20125
ACC,5358300.0,5213700.0,3641400.0,4026300,5358300.0,NO,4737800,0.130968,1.105701,17861.0,17379.0,12138.0,13421.0,17861.0,15792
ADANIENT,21812100.0,20760600.0,17830200.0,12002100,21812100.0,NO,20134300,0.08333,0.673133,72707.0,69202.0,59434.0,40007.0,72707.0,67114
ADANIPORTS,26961600.0,25978000.0,31214000.0,21118000,31214000.0,NO,28051200,0.112751,0.676555,67404.0,64945.0,78035.0,52795.0,78035.0,70128
ALKEM,2146500.0,1965500.0,1144800.0,890400,2146500.0,NO,1752266,0.224985,0.777778,21465.0,19655.0,11448.0,8904.0,21465.0,17522
AMBUJACEM,40373100.0,42915600.0,38235600.0,27919800,42915600.0,NO,40508100,0.059433,0.730204,44859.0,47684.0,42484.0,31022.0,47684.0,45009
APOLLOHOSP,1647000.0,1766750.0,1854125.0,1086375,1854125.0,NO,1755958,0.055905,0.585923,13176.0,14134.0,14833.0,8691.0,14833.0,14047
APOLLOTYRE,15084100.0,13178400.0,12976100.0,10664100,15084100.0,NO,13746200,0.097329,0.821826,8873.0,7752.0,7633.0,6273.0,8873.0,8086
ASHOKLEY,77230000.0,83327500.0,61980000.0,44927500,83327500.0,NO,74179166,0.123328,0.724871,15446.0,33331.0,24792.0,17971.0,33331.0,24523
ASIANPAINT,8765800.0,11093800.0,13211800.0,9138000,13211800.0,NO,11023800,0.19848,0.691654,43829.0,55469.0,66059.0,45690.0,66059.0,55119
ASTRAL,4194443.0,4435562.0,4623466.0,3231435,4623466.0,NO,4417823,0.046548,0.69892,11429.0,12086.0,12598.0,8805.0,12598.0,12037
ATUL,843900.0,1100700.0,890800.0,608100,1100700.0,NO,945133,0.164598,0.682645,8439.0,11007.0,8908.0,6081.0,11007.0,9451
AUBANK,13691000.0,19186000.0,20477000.0,14566000,20477000.0,NO,17784666,0.151385,0.711335,13691.0,19186.0,20477.0,14566.0,20477.0,17784
AUROPHARMA,13288000.0,12173700.0,13257200.0,10173900,13288000.0,NO,12906300,0.029575,0.767424,24160.0,22134.0,24104.0,18498.0,24160.0,23466
AXISBANK,47132500.0,58615000.0,72126875.0,49666250,72126875.0,NO,59291458,0.21648,0.688596,75412.0,93784.0,115403.0,79466.0,115403.0,94866
BAJAJ-AUTO,1974450.0,2900250.0,2977200.0,2278425,2977200.0,NO,2617300,0.137508,0.765291,26326.0,38670.0,39696.0,30379.0,39696.0,34897
BAJAJFINSV,12781000.0,10759000.0,15029500.0,8878000,15029500.0,NO,12856500,0.16902,0.590705,25562.0,21518.0,30059.0,17756.0,30059.0,25713
BAJFINANCE,9426625.0,8862625.0,10027125.0,5485750,10027125.0,NO,9438791,0.062331,0.547091,75413.0,70901.0,80217.0,43886.0,80217.0,75510
BALKRISIND,1909500.0,1802400.0,1774800.0,1224300,1909500.0,NO,1828900,0.04407,0.689824,6365.0,6008.0,5916.0,4081.0,6365.0,6096
BANDHANBNK,124129600.0,102855200.0,110479600.0,76820800,124129600.0,NO,112488133,0.103491,0.695339,44332.0,36734.0,39457.0,27436.0,44332.0,40174
BANKBARODA,175812975.0,173721600.0,168061725.0,108845100,175812975.0,NO,172532100,0.019016,0.64765,60107.0,59392.0,57457.0,37212.0,60107.0,58985
BATAINDIA,3051000.0,3728625.0,3349500.0,2203500,3728625.0,NO,3376375,0.104328,0.657859,8136.0,9943.0,8932.0,5876.0,9943.0,9003
BEL,146720850.0,133494000.0,125097900.0,85457250,146720850.0,NO,135104250,0.085982,0.683123,51481.0,46840.0,43894.0,29985.0,51481.0,47405
BERGEPAINT,11906400.0,8627520.0,6705600.0,8103480,11906400.0,NO,9079840,0.311301,1.208465,9020.0,6536.0,5080.0,6139.0,9020.0,6878
BHARATFORG,7966500.0,10123000.0,10934000.0,8545500,10934000.0,NO,9674500,0.130188,0.781553,15933.0,20246.0,21868.0,17091.0,21868.0,19349
BHARTIARTL,44707475.0,44980125.0,53614200.0,32841025,53614200.0,NO,47767266,0.122405,0.612543,94121.0,94695.0,112872.0,69139.0,112872.0,100562
BHEL,71161125.0,95056500.0,83976375.0,68494125,95056500.0,NO,83398000,0.139794,0.815636,27109.0,36212.0,31991.0,26093.0,36212.0,31770
BIOCON,39515000.0,38562500.0,31710000.0,23807500,39515000.0,NO,36595833,0.079768,0.750788,15806.0,15425.0,12684.0,9523.0,15806.0,14638
BOSCHLTD,270375.0,278500.0,282075.0,134750,282075.0,NO,276983,0.018384,0.47771,10815.0,11140.0,11283.0,5390.0,11283.0,11079
BPCL,75310200.0,73067400.0,60098400.0,46870200,75310200.0,NO,69492000,0.083725,0.779891,41839.0,40593.0,33388.0,26039.0,41839.0,38606
BRITANNIA,2465400.0,2683700.0,2622500.0,2101100,2683700.0,NO,2590533,0.035964,0.801182,12327.0,26837.0,26225.0,21011.0,26837.0,21796
BSOFT,16266000.0,14109000.0,11589000.0,8968000,16266000.0,NO,13988000,0.162854,0.773837,16266.0,14109.0,11589.0,8968.0,16266.0,13988
CANBK,313456500.0,318303000.0,288981000.0,180765000,318303000.0,NO,306913500,0.03711,0.625526,46438.0,47156.0,42812.0,26780.0,47156.0,45468
CANFINHOME,4567875.0,4233450.0,3771300.0,4262700,4567875.0,NO,4190875,0.089957,1.1303,4685.0,4342.0,3868.0,4372.0,4685.0,4298
CHAMBLFERT,10305600.0,9355600.0,9745100.0,6691800,10305600.0,NO,9802100,0.051367,0.686684,5424.0,4924.0,5129.0,3522.0,5424.0,5159
CHOLAFIN,9535000.0,9226875.0,12332500.0,7025625,12332500.0,NO,10364791,0.189846,0.569684,15256.0,14763.0,19732.0,11241.0,19732.0,16583
CIPLA,11220300.0,14402050.0,13822575.0,9567025,14402050.0,NO,13148308,0.095354,0.69213,17262.0,44314.0,42531.0,29437.0,44314.0,34702
COALINDIA,56693700.0,58146900.0,62167350.0,39953550,62167350.0,NO,59002650,0.053637,0.642677,26997.0,55378.0,59207.0,38051.0,59207.0,47194
COFORGE,2461650.0,2017500.0,2024925.0,1478625,2461650.0,NO,2168025,0.135434,0.730212,16411.0,26900.0,26999.0,19715.0,26999.0,23436
COLPAL,3135300.0,3880625.0,4483500.0,3353700,4483500.0,NO,3833141,0.169667,0.748009,8958.0,22175.0,25620.0,19164.0,25620.0,18917
CONCOR,25621000.0,19511000.0,18904000.0,13673000,25621000.0,NO,21345333,0.200309,0.723286,25621.0,19511.0,18904.0,13673.0,25621.0,21345
COROMANDEL,2487800.0,2764300.0,2405200.0,2599450,2764300.0,NO,2552433,0.083006,1.080763,3554.0,7898.0,6872.0,7427.0,7898.0,6108
CROMPTON,15820200.0,22926600.0,24985800.0,17204400,24985800.0,NO,21244200,0.176123,0.688567,8789.0,12737.0,13881.0,9558.0,13881.0,11802
CUB,31820000.0,39800000.0,31265000.0,21075000,39800000.0,NO,34295000,0.160519,0.674076,6364.0,7960.0,6253.0,4215.0,7960.0,6859
CUMMINSIND,4190400.0,4580850.0,4027200.0,2300850,4580850.0,NO,4266150,0.073767,0.571327,13968.0,30539.0,26848.0,15339.0,30539.0,23785
DABUR,17028750.0,18798750.0,19750000.0,14567500,19750000.0,NO,18525833,0.066079,0.737595,13623.0,15039.0,15800.0,11654.0,15800.0,14820
DALBHARAT,3069275.0,1850475.0,3187525.0,2544300,3187525.0,NO,2702425,0.179505,0.798206,11161.0,6729.0,11591.0,9252.0,11591.0,9827
DEEPAKNTR,1718400.0,1582200.0,2037900.0,1405200,2037900.0,NO,1779500,0.145209,0.689533,5728.0,5274.0,6793.0,4684.0,6793.0,5931
DIVISLAB,4199600.0,3127400.0,3543300.0,2463500,4199600.0,NO,3623433,0.159011,0.695256,20998.0,31274.0,35433.0,24635.0,35433.0,29235
DIXON,1749100.0,1673550.0,1474550.0,1132250,1749100.0,NO,1632400,0.07149,0.767861,17491.0,33471.0,29491.0,22645.0,33471.0,26817
DLF,39959700.0,42987450.0,43465125.0,27536850,43465125.0,NO,42137425,0.031509,0.633539,48436.0,52106.0,52685.0,33378.0,52685.0,51075
DRREDDY,2316500.0,9880000.0,11454375.0,7653125,11454375.0,NO,7883625,0.452933,0.66814,18532.0,15808.0,18327.0,12245.0,18532.0,17555
EICHERMOT,4649575.0,4478425.0,3603075.0,2774800,4649575.0,NO,4243691,0.095644,0.77012,26569.0,25591.0,20589.0,15856.0,26569.0,24249
ESCORTS,1772100.0,1346125.0,1117025.0,1095600,1772100.0,NO,1411750,0.255251,0.98082,6444.0,4895.0,4096.0,3984.0,6444.0,5145
EXIDEIND,34774200.0,30884400.0,37319400.0,27025200,37319400.0,NO,34326000,0.087205,0.72416,19319.0,17158.0,20733.0,15014.0,20733.0,19070
FEDERALBNK,79715000.0,64130000.0,71595000.0,56745000,79715000.0,NO,71813333,0.110031,0.792583,15943.0,12826.0,14319.0,11349.0,15943.0,14362
GAIL,83530350.0,90724850.0,100243650.0,78479550,100243650.0,NO,91499616,0.095564,0.782888,18258.0,19833.0,22238.0,17154.0,22238.0,20109
GLENMARK,5126475.0,3869325.0,3127125.0,2155425,5126475.0,NO,4040975,0.268623,0.689267,7071.0,5337.0,4385.0,2973.0,7071.0,5597
GNFC,6375200.0,5089500.0,5058300.0,3555500,6375200.0,NO,5507666,0.157514,0.702904,4904.0,3915.0,3891.0,2735.0,4904.0,4236
GODREJCP,9830000.0,10843000.0,10281500.0,8219500,10843000.0,NO,10318166,0.050865,0.799446,19660.0,21686.0,20563.0,16439.0,21686.0,20636
GODREJPROP,3263175.0,4362750.0,4528575.0,3262050,4528575.0,NO,4051500,0.117753,0.720326,14503.0,19390.0,20127.0,14498.0,20127.0,18006
GRANULES,8410000.0,14885000.0,17282000.0,14462000,17282000.0,NO,13525666,0.277719,0.836824,4205.0,14885.0,17282.0,14462.0,17282.0,12124
GRASIM,9019000.0,8492500.0,9787250.0,7551500,9787250.0,NO,9099583,0.075571,0.771565,36076.0,33970.0,39149.0,30206.0,39149.0,36398
GUJGASLTD,9143750.0,7753750.0,6068750.0,3697500,9143750.0,NO,7655416,0.194416,0.609269,7315.0,6203.0,4855.0,2958.0,7315.0,6124
HAL,12340500.0,12741150.0,10747350.0,6883650,12741150.0,NO,11943000,0.06683,0.640497,41135.0,84941.0,71649.0,45891.0,84941.0,65908
HAVELLS,7299000.0,9694000.0,9251000.0,6871500,9694000.0,NO,8748000,0.108139,0.742785,14598.0,19388.0,18502.0,13743.0,19388.0,17496
HCLTECH,17523450.0,13272000.0,12192250.0,7116200,17523450.0,NO,14329233,0.222916,0.583666,50067.0,37920.0,34835.0,20332.0,50067.0,40940
HDFCAMC,2988600.0,3472800.0,3690900.0,1872000,3690900.0,NO,3384100,0.090659,0.507193,19924.0,23152.0,24606.0,12480.0,24606.0,22560
HDFCBANK,130533150.0,149396500.0,142442300.0,69876950,149396500.0,NO,140790650,0.061125,0.490563,237333.0,271630.0,258986.0,127049.0,271630.0,255983
HDFCLIFE,21304800.0,20571100.0,22435600.0,20167400,22435600.0,NO,21437166,0.046575,0.898902,19368.0,18701.0,20396.0,18334.0,20396.0,19488
HEROMOTOCO,3944700.0,5282850.0,4375200.0,3791850,5282850.0,NO,4534250,0.165099,0.866669,26298.0,35219.0,29168.0,25279.0,35219.0,30228
HINDALCO,39761400.0,40194000.0,46628400.0,30326800,46628400.0,NO,42194600,0.10508,0.650393,28401.0,28710.0,33306.0,21662.0,33306.0,30139
HINDCOPPER,39225300.0,36609750.0,38690000.0,36782000,39225300.0,NO,38175016,0.027512,0.950685,14802.0,13815.0,14600.0,13880.0,14802.0,14405
HINDPETRO,53368875.0,43363350.0,39825675.0,29394900,53368875.0,NO,45519300,0.172445,0.738089,26355.0,21414.0,19667.0,14516.0,26355.0,22478
HINDUNILVR,14301000.0,15999600.0,15159300.0,10289400,15999600.0,NO,15153300,0.055849,0.678752,47670.0,53332.0,50531.0,34298.0,53332.0,50511
ICICIBANK,73240300.0,83222300.0,81561200.0,48923000,83222300.0,NO,79341266,0.048916,0.599832,104629.0,118889.0,116516.0,69890.0,118889.0,113344
ICICIGI,4785000.0,7586750.0,6283250.0,4190500,7586750.0,NO,6218333,0.220062,0.666932,9570.0,30347.0,25133.0,16762.0,30347.0,21683
ICICIPRULI,10078500.0,10639500.0,9586500.0,6442500,10639500.0,NO,10101500,0.053259,0.672039,6719.0,14186.0,12782.0,8590.0,14186.0,11229
IDEA,3544960000.0,3503920000.0,3693240000.0,2799840000,3693240000.0,NO,3580706666,0.031428,0.758099,88624.0,87598.0,92331.0,69996.0,92331.0,89517
IDFCFIRSTB,498750000.0,307935000.0,426187500.0,227940000,498750000.0,NO,410957500,0.213629,0.534835,66500.0,41058.0,56825.0,30392.0,66500.0,54794
IEX,55046250.0,49425000.0,42033750.0,27690000,55046250.0,NO,48835000,0.127188,0.658756,14679.0,13180.0,11209.0,7384.0,14679.0,13022
IGL,9697875.0,13311375.0,22248875.0,16084750,22248875.0,NO,15086041,0.474799,0.722947,7053.0,9681.0,16181.0,11698.0,16181.0,10971
INDHOTEL,18321000.0,21373000.0,18641000.0,9643000,21373000.0,NO,19445000,0.099151,0.517301,18321.0,21373.0,18641.0,9643.0,21373.0,19445
INDIAMART,1611300.0,850800.0,1301700.0,972300,1611300.0,NO,1254600,0.284314,0.746946,5371.0,2836.0,4339.0,3241.0,5371.0,4182
INDIGO,8784900.0,8130750.0,7573500.0,5639100,8784900.0,NO,8163050,0.076179,0.744583,29283.0,54205.0,50490.0,37594.0,54205.0,44659
INDUSINDBK,32307500.0,42841000.0,50297000.0,39810000,50297000.0,NO,41815166,0.202841,0.791498,64615.0,85682.0,100594.0,79620.0,100594.0,83630
INDUSTOWER,95689600.0,93520400.0,81345000.0,73079600,95689600.0,NO,90185000,0.061037,0.898391,28144.0,55012.0,47850.0,42988.0,55012.0,43668
INFY,52233200.0,45029600.0,48478800.0,27983600,52233200.0,NO,48580533,0.075188,0.577234,130583.0,112574.0,121197.0,69959.0,130583.0,121451
IOC,178473750.0,154230375.0,137250750.0,99094125,178473750.0,NO,156651625,0.139304,0.721993,36610.0,31637.0,28154.0,20327.0,36610.0,32133
IPCALAB,2264600.0,1976650.0,2218450.0,2059200,2264600.0,NO,2153233,0.051721,0.928216,3484.0,3041.0,3413.0,3168.0,3484.0,3312
IRCTC,19928125.0,18348750.0,16709875.0,11172875,19928125.0,NO,18328916,0.087251,0.668639,22775.0,20970.0,19097.0,12769.0,22775.0,20947
ITC,97347200.0,107328000.0,112734400.0,80832000,112734400.0,NO,105803200,0.06551,0.717013,60842.0,67080.0,70459.0,50520.0,70459.0,66127
JINDALSTEL,18500625.0,21908125.0,21410625.0,13503750,21908125.0,NO,20606458,0.063168,0.630703,29601.0,35053.0,34257.0,21606.0,35053.0,32970
JKCEMENT,778125.0,559375.0,701750.0,642625,778125.0,NO,679750,0.144722,0.915746,6225.0,4475.0,5614.0,5141.0,6225.0,5438
JSWSTEEL,19579050.0,23234175.0,25423875.0,21801825,25423875.0,NO,22745700,0.117744,0.857534,29006.0,34421.0,37665.0,32299.0,37665.0,33697
JUBLFOOD,15312500.0,15840000.0,15140000.0,12831250,15840000.0,NO,15430833,0.026516,0.847507,12250.0,12672.0,12112.0,10265.0,12672.0,12344
KOTAKBANK,33990800.0,41085600.0,38090800.0,27850400,41085600.0,NO,37722400,0.089157,0.731158,84977.0,102714.0,95227.0,69626.0,102714.0,94306
LALPATHLAB,710100.0,840750.0,576300.0,665250,840750.0,NO,709050,0.185741,1.154347,2367.0,5605.0,3842.0,4435.0,5605.0,3938
LAURUSLABS,23900300.0,18638800.0,24752000.0,17804100,24752000.0,NO,22430366,0.103504,0.719299,14059.0,10964.0,14560.0,10473.0,14560.0,13194
LICHSGFIN,28405000.0,29342000.0,27232000.0,21729000,29342000.0,NO,28326333,0.035856,0.797922,28405.0,29342.0,27232.0,21729.0,29342.0,28326
LT,17310600.0,17856750.0,16024350.0,10875600,17856750.0,NO,17063900,0.046464,0.678692,115404.0,119045.0,106829.0,72504.0,119045.0,113759
LTF,70843174.0,66050986.0,76380516.0,44753860,76380516.0,NO,71091558,0.074396,0.585933,15877.0,14803.0,17118.0,10030.0,17118.0,15932
LTIM,3544500.0,2913000.0,2474550.0,1491300,3544500.0,NO,2977350,0.190488,0.602655,23630.0,19420.0,16497.0,9942.0,23630.0,19849
LTTS,1126800.0,1016500.0,731300.0,589500,1126800.0,NO,958200,0.175955,0.806099,11268.0,10165.0,7313.0,5895.0,11268.0,9582
LUPIN,10771200.0,11380650.0,8795800.0,5886250,11380650.0,NO,10315883,0.103216,0.669211,25344.0,26778.0,20696.0,13850.0,26778.0,24272
M&M,18485250.0,26266275.0,18737250.0,10569650,26266275.0,NO,21162925,0.241146,0.564098,52815.0,150093.0,107070.0,60398.0,150093.0,103326
M&MFIN,32430000.0,32278000.0,31744000.0,21520000,32430000.0,NO,32150666,0.008688,0.677923,16215.0,16139.0,15872.0,10760.0,16215.0,16075
MANAPPURAM,67113000.0,53934000.0,60381000.0,48012000,67113000.0,NO,60476000,0.109746,0.795151,22371.0,17978.0,20127.0,16004.0,22371.0,20158
MARICO,16994400.0,18132000.0,24582000.0,14127600,24582000.0,NO,19902800,0.235103,0.574713,14162.0,15110.0,20485.0,11773.0,20485.0,16585
MARUTI,3405300.0,3580600.0,3371900.0,2098500,3580600.0,NO,3452600,0.037074,0.622349,68106.0,71612.0,67438.0,41970.0,71612.0,69052
MCX,1780400.0,1639400.0,1571100.0,1101800,1780400.0,NO,1663633,0.070188,0.701292,8902.0,16394.0,15711.0,11018.0,16394.0,13669
METROPOLIS,1293600.0,1002400.0,1006000.0,1429200,1429200,YES,1100666,0.298487,1.420676,3234.0,2506.0,2515.0,3573.0,3573.0,2751
MFSL,5732800.0,4270400.0,4100000.0,2628800,5732800.0,NO,4701066,0.219468,0.641171,7166.0,5338.0,5125.0,3286.0,7166.0,5876
MGL,1913600.0,1769600.0,3484800.0,4019600,4019600,YES,2389333,0.682311,1.153466,4784.0,4424.0,8712.0,10049.0,10049.0,5973
MOTHERSON,114885100.0,103400850.0,103560600.0,91618400,114885100.0,NO,107282183,0.070868,0.884684,16181.0,29127.0,29172.0,25808.0,29172.0,24826
MPHASIS,3706725.0,3812600.0,3573625.0,2281675,3812600.0,NO,3697650,0.031087,0.638476,13479.0,13864.0,12995.0,8297.0,13864.0,13446
MRF,59600.0,65545.0,57325.0,44670,65545.0,NO,60823,0.077635,0.779241,11920.0,13109.0,11465.0,8934.0,13109.0,12164
MUTHOOTFIN,4025450.0,5642175.0,4748425.0,2665575,5642175.0,NO,4805350,0.174144,0.56136,7319.0,20517.0,17267.0,9693.0,20517.0,15034
NATIONALUM,72030000.0,61428750.0,50906250.0,45476250,72030000.0,NO,61455000,0.172077,0.893333,19208.0,16381.0,13575.0,12127.0,19208.0,16388
NAUKRI,1431150.0,1460925.0,1304025.0,624750,1460925.0,NO,1398700,0.044488,0.479094,9541.0,19479.0,17387.0,8330.0,19479.0,15469
NAVINFLUOR,2227575.0,1945825.0,1558900.0,1111250,2227575.0,NO,1910766,0.165802,0.712842,12729.0,11119.0,8908.0,6350.0,12729.0,10918
NESTLEIND,6289400.0,8010800.0,8163400.0,5609000,8163400.0,NO,7487866,0.090217,0.687091,31447.0,40054.0,40817.0,28045.0,40817.0,37439
NMDC,95139000.0,86283000.0,74722500.0,55903500,95139000.0,NO,85381500,0.114281,0.748148,21142.0,19174.0,16605.0,12423.0,21142.0,18973
NTPC,121401000.0,111282000.0,121245000.0,84424500,121401000.0,NO,117976000,0.029031,0.696313,80934.0,74188.0,80830.0,56283.0,80934.0,78650
OBEROIRLTY,7288400.0,7065450.0,7081200.0,4156250,7288400.0,NO,7145016,0.020068,0.586941,10412.0,20187.0,20232.0,11875.0,20232.0,16943
OFSS,1091800.0,763650.0,599750.0,370400,1091800.0,NO,818400,0.334066,0.617591,10918.0,15273.0,11995.0,7408.0,15273.0,12728
ONGC,126364700.0,113513400.0,103975025.0,74476325,126364700.0,NO,114617708,0.102488,0.716291,65644.0,58968.0,54013.0,38689.0,65644.0,59541
PAGEIND,192630.0,264000.0,172170.0,128625,264000.0,NO,209600,0.259542,0.747081,12842.0,17600.0,11478.0,8575.0,17600.0,13973
PEL,11768250.0,10671000.0,10556250.0,7140000,11768250.0,NO,10998500,0.069987,0.676377,15691.0,14228.0,14075.0,9520.0,15691.0,14664
PERSISTENT,2131600.0,1669500.0,1519900.0,1300500,2131600.0,NO,1773666,0.201805,0.855648,10658.0,16695.0,15199.0,13005.0,16695.0,14184
PETRONET,41649000.0,29725500.0,30009000.0,17793000,41649000.0,NO,33794500,0.232419,0.592922,13883.0,19817.0,20006.0,11862.0,20006.0,17902
PFC,59208500.0,55581500.0,58158100.0,36060700,59208500.0,NO,57649366,0.027045,0.620046,45545.0,42755.0,44737.0,27739.0,45545.0,44345
PIDILITIND,2289000.0,2589000.0,2251500.0,1848000,2589000.0,NO,2376500,0.089417,0.820786,9156.0,10356.0,9006.0,7392.0,10356.0,9506
PIIND,1392250.0,1082000.0,1396750.0,1083375,1396750.0,NO,1290333,0.082473,0.77564,5569.0,8656.0,11174.0,8667.0,11174.0,8466
PNB,288408000.0,206096000.0,290184000.0,146888000,290184000.0,NO,261562666,0.109424,0.506189,36051.0,25762.0,36273.0,18361.0,36273.0,32695
POLYCAB,2328625.0,2305250.0,2007125.0,971125,2328625.0,NO,2213666,0.051932,0.483839,18629.0,18442.0,16057.0,7769.0,18629.0,17709
POWERGRID,84578400.0,100778400.0,79695000.0,47134800,100778400.0,NO,88350600,0.140665,0.59144,23494.0,55988.0,44275.0,26186.0,55988.0,41252
PVRINOX,3536423.0,4319491.0,4535608.0,3531132,4535608.0,NO,4130507,0.098075,0.778536,8689.0,10613.0,11144.0,8676.0,11144.0,10148
RAMCOCEM,8095400.0,7213100.0,8305350.0,5171400,8305350.0,NO,7871283,0.055146,0.622659,9524.0,8486.0,9771.0,6084.0,9771.0,9260
RBLBANK,85587500.0,41920000.0,66197500.0,19195000,85587500.0,NO,64568333,0.325534,0.289966,34235.0,16768.0,26479.0,7678.0,34235.0,25827
RECLTD,60390000.0,58046000.0,50833000.0,27495000,60390000.0,NO,56423000,0.070308,0.540889,30195.0,58046.0,50833.0,27495.0,58046.0,46358
RELIANCE,51201000.0,157728500.0,173398500.0,126269500,173398500.0,NO,127442666,0.3606,0.728204,204804.0,315457.0,346797.0,252539.0,346797.0,289019
SAIL,143328000.0,149972000.0,140868000.0,134556000,149972000.0,NO,144722666,0.036272,0.955192,35832.0,37493.0,35217.0,33639.0,37493.0,36180
SBICARD,18766400.0,21453600.0,20653600.0,11751200,21453600.0,NO,20291200,0.057286,0.568966,23458.0,26817.0,25817.0,14689.0,26817.0,25364
SBILIFE,8214000.0,9470250.0,12230625.0,9421875,12230625.0,NO,9971625,0.226543,0.770351,21904.0,25254.0,32615.0,25125.0,32615.0,26591
SBIN,100629750.0,103456500.0,98337000.0,71042250,103456500.0,NO,100807750,0.026275,0.722437,134173.0,137942.0,131116.0,94723.0,137942.0,134410
SHREECEM,212400.0,310825.0,316100.0,197625,316100.0,NO,279775,0.129836,0.625198,8496.0,12433.0,12644.0,7905.0,12644.0,11191
SHRIRAMFIN,5856000.0,7913700.0,7177200.0,4122600,7913700.0,NO,6982300,0.133394,0.574402,19520.0,52758.0,47848.0,27484.0,52758.0,40042
SIEMENS,2354850.0,1958175.0,1927425.0,1509750,2354850.0,NO,2080150,0.132058,0.783299,15699.0,26109.0,25699.0,20130.0,26109.0,22502
SRF,6564000.0,6395250.0,6348750.0,3410250,6564000.0,NO,6436000,0.019888,0.537153,17504.0,17054.0,16930.0,9094.0,17504.0,17162
SUNPHARMA,16590700.0,17886750.0,17800650.0,11764550,17886750.0,NO,17426033,0.026438,0.660906,47402.0,51105.0,50859.0,33613.0,51105.0,49788
SUNTV,5107500.0,4993500.0,4473750.0,3528000,5107500.0,NO,4858250,0.051304,0.7886,3405.0,6658.0,5965.0,4704.0,6658.0,5342
SYNGENE,4926000.0,5091000.0,6302000.0,4676000,6302000.0,NO,5439666,0.158527,0.741987,4926.0,5091.0,6302.0,4676.0,6302.0,5439
TATACHEM,9299950.0,8003050.0,6736950.0,5252500,9299950.0,NO,8013316,0.160562,0.779655,16909.0,14551.0,12249.0,9550.0,16909.0,14569
TATACOMM,6141000.0,5819500.0,5803250.0,4467500,6141000.0,NO,5921250,0.037112,0.769827,12282.0,23278.0,23213.0,17870.0,23278.0,19591
TATACONSUM,12879264.0,11298312.0,15140568.0,9608832,15140568.0,NO,13106048,0.155235,0.634641,28244.0,24777.0,33203.0,21072.0,33203.0,28741
TATAMOTORS,95027350.0,94215000.0,99017600.0,75601900,99017600.0,NO,96086650,0.030503,0.76352,172777.0,171300.0,180032.0,137458.0,180032.0,174703
TATAPOWER,90779400.0,82946700.0,84948750.0,52355700,90779400.0,NO,86224950,0.052821,0.616321,67244.0,61442.0,62925.0,38782.0,67244.0,63870
TATASTEEL,262372000.0,261926500.0,256360500.0,167530000,262372000.0,NO,260219666,0.008271,0.653494,47704.0,47623.0,46611.0,30460.0,47704.0,47312
TCS,16320500.0,16607675.0,12593525.0,9204125,16607675.0,NO,15173900,0.09449,0.730862,93260.0,94901.0,71963.0,52595.0,94901.0,86708
TECHM,14049600.0,14137800.0,11199000.0,7136400,14137800.0,NO,13128800,0.076854,0.637235,23416.0,23563.0,18665.0,11894.0,23563.0,21881
TITAN,10198475.0,10883075.0,9293025.0,5351500,10883075.0,NO,10124858,0.074887,0.575862,58277.0,62189.0,53103.0,30580.0,62189.0,57856
TORNTPHARM,1735000.0,2644000.0,2092000.0,1377500,2644000.0,NO,2157000,0.225777,0.658461,6940.0,10576.0,8368.0,5510.0,10576.0,8628
TRENT,3364000.0,3375300.0,3939500.0,2278100,3939500.0,NO,3559600,0.106725,0.578271,16820.0,33753.0,39395.0,22781.0,39395.0,29989
TVSMOTOR,7514850.0,8318100.0,8284850.0,6430200,8318100.0,NO,8039266,0.034684,0.77614,21471.0,23766.0,23671.0,18372.0,23766.0,22969
UBL,1749600.0,1655600.0,1692800.0,1168800,1749600.0,NO,1699333,0.02958,0.690454,4374.0,4139.0,4232.0,2922.0,4374.0,4248
ULTRACEMCO,2315000.0,2500550.0,2605250.0,1562900,2605250.0,NO,2473600,0.053222,0.599904,23150.0,50011.0,52105.0,31258.0,52105.0,41755
UNITDSPR,10775800.0,11184250.0,9906750.0,8148350,11184250.0,NO,10622266,0.052906,0.822505,15394.0,31955.0,28305.0,23281.0,31955.0,25218
UPL,35799400.0,34379800.0,27502435.0,19633950,35799400.0,NO,32560545,0.099472,0.713899,27538.0,26446.0,20297.0,14490.0,27538.0,24760
VEDL,124517400.0,121589500.0,109994050.0,75912650,124517400.0,NO,118700316,0.049006,0.690152,54138.0,105730.0,95647.0,66011.0,105730.0,85171
VOLTAS,6540000.0,9310200.0,8907600.0,4994700,9310200.0,NO,8252600,0.128154,0.560723,10900.0,31034.0,29692.0,16649.0,31034.0,23875
WIPRO,44296500.0,44958000.0,39994500.0,40500000,44958000.0,NO,43083000,0.043521,1.012639,29531.0,29972.0,26663.0,13500.0,29972.0,28722
ZYDUSLIFE,15589800.0,15181200.0,11960100.0,7932600,15589800.0,NO,14243700,0.094505,0.663255,17322.0,16868.0,13289.0,8814.0,17322.0,15826
GMRINFRA,297708750.0,335002500.0,309375000.0,0,335002500.0,NO,314028750,0.066789,0.0,26463.0,59556.0,55000.0,0,59556.0,47006
