Symbol,Lot Size,Future OI,Change (Future OI),# of lots change (Future OI),% Change in Future_OI,PE OI,Change (PE OI),# of lots change (PE OI),% Change (PE OI),CE OI,Change (CE OI),# of lots change (CE OI),% Change (CE OI),VWAP,CLOSE PRICE,Change CE / PE Ratio (OI),Delivery %,% Change in Price,% Change in Price From Low,% Change in Price From High,Decision (Based on Options,Decision (Based on Futures,Decision (Based on Price
BANKNIFTY,30,0,0,0.0,0,0,0,0.0,0,0,0,0.0,0,0,0,0,0,0,0,0,None,None,Neutral
FINNIFTY,25,0,0,0.0,0,0,0,0.0,0,0,0,0.0,0,0,0,0,0,0,0,0,None,None,Neutral
MIDCPNIFTY,120,0,0,0.0,0,0,0,0.0,0,0,0,0.0,0,0,0,0,0,0,0,0,None,None,Neutral
NIFTY,75,0,0,0.0,0,0,0,0.0,0,0,0,0.0,0,0,0,0,0,0,0,0,None,None,Neutral
NIFTYNXT50,25,0,0,0.0,0,0,0,0.0,0,0,0,0.0,0,0,0,0,0,0,0,0,None,None,Neutral
AARTIIND,1000,16389000,81000,81.0,0.496689,4161000,194000,194.0,4.890345,5553000,391000,391.0,7.574583,410.08,410.05,2.015464,52.14,-0.000122,0.009975,0.008343,None,None,Weak. Price Close Below VWAP.
ABB,125,1785750,-15000,-120.0,-0.832986,436125,80875,647.0,22.765658,837125,63000,504.0,8.138221,6859.84,6912.25,0.77898,28.04,0.031379,0.031379,0.005203,Possible Buy,Possible Buy,Strong. Price Close Above VWAP.
ABBOTINDIA,20,80780,980,49.0,1.22807,6740,-80,-4.0,-1.173021,25800,2440,122.0,10.445205,29851.94,29741.0,-30.5,35.33,-0.002089,0.002837,0.011594,Possible Sell,None,Weak. Price Close Below VWAP.
ABCAPITAL,2700,63072000,210600,78.0,0.335023,14185800,1071900,397.0,8.17377,14790600,2122200,786.0,16.751918,178.21,177.82,1.979849,40.89,-0.012495,0.004009,0.017298,Possible Sell,None,Weak. Price Close Below VWAP.
ABFRL,2600,59659600,20800,8.0,0.034877,5613400,23400,9.0,0.418605,6877000,891800,343.0,14.900087,277.82,279.95,38.111111,32.94,0.007377,0.020784,0.002494,Possible Sell,Possible Buy,Strong. Price Close Above VWAP.
ACC,300,4159800,3300,11.0,0.079394,1607700,3600,12.0,0.224425,1552500,-25500,-85.0,-1.61597,2053.54,2052.5,-7.083333,38.66,-0.003592,0.010885,0.01008,None,None,Weak. Price Close Below VWAP.
ADANIENSOL,625,5723125,56875,91.0,1.00375,1373750,26250,42.0,1.948052,2304375,155625,249.0,7.242583,805.98,806.2,5.928571,32.31,-0.024266,0.00775,0.016829,None,None,Strong. Price Close Above VWAP.
ADANIENT,300,17365200,-20700,-69.0,-0.119062,7845300,83400,278.0,1.074479,8037000,527700,1759.0,7.027286,2531.14,2528.65,6.327338,30.32,-0.024572,0.008455,0.019048,None,None,Weak. Price Close Below VWAP.
ADANIGREEN,375,8667000,21000,56.0,0.242887,1467375,183375,489.0,14.281542,3144750,348375,929.0,12.458093,1041.92,1040.7,1.899796,34.42,-0.032492,0.01137,0.028246,None,Possible Sell,Weak. Price Close Below VWAP.
ADANIPORTS,400,28259200,-357200,-893.0,-1.248235,4615200,-18400,-46.0,-0.397099,7067200,-180400,-451.0,-2.4891,1224.39,1231.1,9.804348,37.05,0.010341,0.018996,0.004609,None,None,Strong. Price Close Above VWAP.
ALKEM,100,1073300,3400,34.0,0.317787,171900,100,1.0,0.058207,236400,-36600,-366.0,-13.406593,5634.79,5633.9,-366.0,55.5,0.011608,0.015117,0.008928,None,None,Weak. Price Close Below VWAP.
AMBUJACEM,900,36141300,-9000,-10.0,-0.024896,5472000,462600,514.0,9.234639,6023700,344700,383.0,6.069731,537.99,535.8,0.745136,34.08,-0.016159,0.004311,0.024133,None,Possible Sell,Weak. Price Close Below VWAP.
ANGELONE,200,1928600,52000,260.0,2.770969,665200,57600,288.0,9.479921,1099400,87200,436.0,8.614898,2894.92,2931.65,1.513889,19.98,0.000973,0.033162,0.001805,None,Possible Buy,Strong. Price Close Above VWAP.
APLAPOLLO,350,3547250,748300,2138.0,26.735026,1628550,419300,1198.0,34.674385,2775500,371350,1061.0,15.446208,1553.49,1568.25,0.885643,48.28,0.030489,0.044421,0.007437,None,Possible Buy,Strong. Price Close Above VWAP.
APOLLOHOSP,125,1674250,875,7.0,0.05229,465750,67000,536.0,16.802508,599000,78250,626.0,15.026404,7308.18,7296.35,1.16791,53.17,-0.002447,0.006005,0.009449,None,None,Weak. Price Close Below VWAP.
APOLLOTYRE,1700,13890700,139400,82.0,1.013722,4005200,622200,366.0,18.39196,4396200,688500,405.0,18.569464,533.58,529.4,1.106557,20.36,-0.01351,0.002652,0.020083,None,Possible Sell,Weak. Price Close Below VWAP.
ASHOKLEY,2500,62810000,395000,158.0,0.632861,11747500,300000,120.0,2.62066,18247500,1290000,516.0,7.607253,220.4,220.5,4.3,49.05,-0.012893,0.005289,0.006757,None,None,Strong. Price Close Above VWAP.
ASIANPAINT,200,14440600,-117200,-586.0,-0.805067,3957400,122400,612.0,3.191656,4746400,241400,1207.0,5.358491,2284.3,2281.35,1.972222,54.59,-0.003015,0.003674,0.007094,None,None,Weak. Price Close Below VWAP.
ASTRAL,367,4621631,49178,134.0,1.075528,1125222,129184,352.0,12.969786,1247800,185702,506.0,17.484451,1646.27,1652.25,1.4375,52.77,-0.005088,0.012284,0.005896,None,None,Strong. Price Close Above VWAP.
ATGL,775,3597550,527775,681.0,17.192628,1105925,182125,235.0,19.714765,1894100,186775,241.0,10.939628,745.69,761.05,1.025532,19.98,0.01318,0.058043,0.022666,None,Possible Buy,Strong. Price Close Above VWAP.
ATUL,100,663300,6800,68.0,1.035796,29600,2400,24.0,8.823529,57500,15800,158.0,37.889688,6932.92,6959.95,6.583333,28.52,0.015747,0.013824,0.003436,Possible Sell,None,Strong. Price Close Above VWAP.
AUBANK,1000,27591000,943000,943.0,3.538727,4961000,710000,710.0,16.701952,4666000,425000,425.0,10.021221,558.18,559.1,0.598592,43.36,-0.031358,0.022962,0.008512,None,Possible Buy,Strong. Price Close Above VWAP.
AUROPHARMA,550,13905650,712800,1296.0,5.402927,2385900,300300,546.0,14.398734,3001900,422950,769.0,16.400085,1325.34,1334.5,1.408425,33.8,0.027883,0.029429,0.004736,None,Possible Buy,Strong. Price Close Above VWAP.
AXISBANK,625,79555000,1043750,1670.0,1.329427,10513125,762500,1220.0,7.820012,15781875,1313750,2102.0,9.080306,1064.48,1064.7,1.722951,65.94,-0.004907,0.005857,0.005372,None,None,Strong. Price Close Above VWAP.
BAJAJ-AUTO,75,3362100,51450,686.0,1.554075,801975,75825,1011.0,10.442057,1157550,87225,1163.0,8.149394,8803.42,8798.6,1.150346,60.91,0.00213,0.006688,0.004655,Possible Buy,None,Weak. Price Close Below VWAP.
BAJAJFINSV,500,13351500,-201000,-402.0,-1.483121,2738500,142500,285.0,5.489214,3898000,300000,600.0,8.337966,1567.63,1568.1,2.105263,51.98,-0.005454,0.005192,0.004981,None,None,Strong. Price Close Above VWAP.
BAJFINANCE,125,10358250,-23250,-186.0,-0.223956,2275375,147000,1176.0,6.906678,2566875,266000,2128.0,11.560819,6825.62,6823.0,1.809524,58.15,-0.009473,0.004564,0.007852,Possible Sell,None,Weak. Price Close Below VWAP.
BALKRISIND,300,1781400,96900,323.0,5.752449,193200,43800,146.0,29.317269,496500,256800,856.0,107.133917,2876.79,2910.1,5.863014,47.74,0.02064,0.027487,0.002348,None,Possible Buy,Strong. Price Close Above VWAP.
BANDHANBNK,2800,101108000,-308000,-110.0,-0.3037,21862400,904400,323.0,4.315297,23903600,2898000,1035.0,13.796321,158.42,159.06,3.204334,35.55,0.000377,0.011125,0.004132,Possible Sell,None,Strong. Price Close Above VWAP.
BANKBARODA,2925,175377150,4788225,1637.0,2.806879,34760700,2609100,892.0,8.114993,34359975,3246750,1110.0,10.435273,240.32,240.55,1.244395,62.6,-0.001867,0.01046,0.005581,Possible Sell,None,Strong. Price Close Above VWAP.
BANKINDIA,4825,24428975,854025,177.0,3.622595,11121625,434250,90.0,4.063205,10002225,699625,145.0,7.520747,101.22,101.9,1.611111,48.96,0.009611,0.016763,0.005271,None,None,Strong. Price Close Above VWAP.
BATAINDIA,375,3275625,-32250,-86.0,-0.974946,1210500,141000,376.0,13.183731,1704375,-95250,-254.0,-5.292769,1377.88,1374.9,-0.675532,37.52,-0.01008,0.005889,0.010792,Possible Buy,None,Weak. Price Close Below VWAP.
BEL,2850,114584250,-3856050,-1353.0,-3.255691,26345400,1829700,642.0,7.463381,38058900,1342350,471.0,3.655981,291.04,293.15,0.733645,46.33,0.028958,0.03131,0.002891,None,Possible Buy,Strong. Price Close Above VWAP.
BERGEPAINT,1320,9690120,-43560,-33.0,-0.447518,1947000,-59400,-45.0,-2.960526,2300760,171600,130.0,8.059516,447.58,448.55,-2.888889,43.91,0.000669,0.008884,0.003444,None,None,Strong. Price Close Above VWAP.
BHARATFORG,500,11523500,108000,216.0,0.946082,1442000,98000,196.0,7.291667,1937500,171000,342.0,9.680159,1299.17,1299.5,1.744898,51.47,-0.002188,0.016147,0.010018,None,None,Strong. Price Close Above VWAP.
BHARTIARTL,475,45084625,378575,797.0,0.846809,4465475,440325,927.0,10.939344,7695950,681150,1434.0,9.710184,1585.59,1587.75,1.546926,57.34,0.000536,0.015608,0.005917,Possible Buy,None,Strong. Price Close Above VWAP.
BHEL,2625,88924500,-133875,-51.0,-0.150323,19186125,595875,227.0,3.205309,25179000,2002875,763.0,8.641975,228.84,229.4,3.361233,30.33,0.016844,0.018424,0.009285,None,None,Strong. Price Close Above VWAP.
BIOCON,2500,30042500,-360000,-144.0,-1.184113,7137500,-42500,-17.0,-0.591922,11107500,555000,222.0,5.259417,365.66,365.35,-13.058824,24.87,-0.006391,0.01191,0.008548,None,None,Weak. Price Close Below VWAP.
BOSCHLTD,25,243675,-700,-28.0,-0.286445,46275,5925,237.0,14.684015,26225,4150,166.0,18.799547,34043.7,34100.2,0.700422,42.94,0.008947,0.013602,0.005825,None,None,Strong. Price Close Above VWAP.
BPCL,1800,54558000,-592200,-329.0,-1.073795,14680800,615600,342.0,4.37676,24980400,1033200,574.0,4.314492,292.62,292.45,1.678363,42.51,-0.002898,0.005674,0.006624,None,None,Weak. Price Close Below VWAP.
BRITANNIA,100,2597200,-42600,-426.0,-1.613759,743400,72700,727.0,10.839421,856700,78100,781.0,10.030825,4766.0,4762.75,1.074278,57.74,-0.007647,0.004545,0.006726,None,None,Weak. Price Close Below VWAP.
BSE,125,2409500,-30875,-247.0,-1.265174,963250,-13750,-110.0,-1.407369,1675250,14250,114.0,0.857917,5291.88,5325.4,-1.036364,29.53,0.003184,0.021091,0.004598,None,Possible Buy,Strong. Price Close Above VWAP.
BSOFT,1000,11196000,535000,535.0,5.018291,2630000,340000,340.0,14.847162,2782000,335000,335.0,13.690233,562.16,560.35,0.985294,47.04,-0.024545,0.001609,0.024545,None,Possible Sell,Weak. Price Close Below VWAP.
CAMS,125,424250,4000,32.0,0.951814,126875,19875,159.0,18.574766,208125,37375,299.0,21.888726,4994.56,5075.4,1.880503,33.05,0.000631,0.043548,0.004804,None,Possible Buy,Strong. Price Close Above VWAP.
CANBK,6750,267860250,1775250,263.0,0.667174,63470250,1984500,294.0,3.227577,81405000,2403000,356.0,3.041695,99.79,100.12,1.210884,40.89,0.006838,0.011211,0.003583,None,None,Strong. Price Close Above VWAP.
CANFINHOME,975,4710225,23400,24.0,0.499272,3331575,278850,286.0,9.134462,3013725,320775,329.0,11.911658,757.61,759.3,1.15035,57.89,0.006629,0.017828,0.003478,Possible Sell,None,Strong. Price Close Above VWAP.
CDSL,350,4834900,-54600,-156.0,-1.116679,1799000,59850,171.0,3.441336,2594900,189000,540.0,7.855688,1745.26,1758.65,3.157895,25.02,0.005546,0.022263,0.004416,None,Possible Buy,Strong. Price Close Above VWAP.
CESC,2925,8739900,857025,293.0,10.871985,4293900,1918800,656.0,80.788177,5981625,2448225,837.0,69.288079,185.88,185.93,1.275915,36.58,0.003346,0.015345,0.01311,None,None,Strong. Price Close Above VWAP.
CGPOWER,725,4597225,60900,84.0,1.342496,1073000,77575,107.0,7.793154,1663875,179075,247.0,12.060547,730.49,728.0,2.308411,52.7,-0.010668,0.008799,0.019264,Possible Sell,None,Weak. Price Close Below VWAP.
CHAMBLFERT,1900,8496800,-70300,-37.0,-0.820581,2546000,410400,216.0,19.217082,4495400,467400,246.0,11.603774,491.87,493.95,1.138889,26.33,0.007342,0.016253,0.005036,None,None,Strong. Price Close Above VWAP.
CHOLAFIN,625,12028750,21875,35.0,0.182187,1666875,80000,128.0,5.041355,2320625,238125,381.0,11.434574,1191.8,1185.95,2.976562,54.47,-0.021816,0.002494,0.023909,Possible Sell,Possible Sell,Weak. Price Close Below VWAP.
CIPLA,325,12738700,-97500,-300.0,-0.759571,1916525,241150,742.0,14.393792,2516475,70525,217.0,2.883338,1528.41,1529.0,0.292453,58.34,0.004995,0.009507,0.004525,Possible Buy,None,Strong. Price Close Above VWAP.
COALINDIA,1050,60992400,-584850,-557.0,-0.949783,17462550,764400,728.0,4.577753,19371450,2221800,2116.0,12.955366,380.92,384.15,2.906593,53.21,0.016539,0.021404,0.00143,Possible Sell,Possible Buy,Strong. Price Close Above VWAP.
COFORGE,75,2495100,0,0.0,0.0,635325,72600,968.0,12.901506,877350,98925,1319.0,12.708353,9629.37,9662.95,1.362603,49.02,-0.015787,0.019299,0.004538,None,None,Strong. Price Close Above VWAP.
COLPAL,175,5083225,129150,738.0,2.606945,611625,141925,811.0,30.216095,706825,145600,832.0,25.943249,2699.29,2680.65,1.025894,63.06,-0.028803,0.002206,0.025218,None,Possible Sell,Weak. Price Close Below VWAP.
CONCOR,1000,17423000,-152000,-152.0,-0.864865,4723000,217000,217.0,4.815801,4463000,428000,428.0,10.607187,786.3,788.0,1.97235,53.52,0.011164,0.019405,0.00549,Possible Sell,None,Strong. Price Close Above VWAP.
COROMANDEL,350,3512250,37450,107.0,1.07776,660800,74550,213.0,12.716418,925050,32550,93.0,3.647059,1871.89,1879.95,0.43662,57.18,0.005886,0.021018,0.002679,Possible Buy,Possible Buy,Strong. Price Close Above VWAP.
CROMPTON,1800,25023600,-208800,-116.0,-0.827507,1521000,5400,3.0,0.356295,1836000,156600,87.0,9.324759,396.22,395.8,29.0,56.73,0.003295,0.009308,0.008517,None,None,Weak. Price Close Below VWAP.
CUB,5000,29885000,675000,135.0,2.310852,5270000,770000,154.0,17.111111,7425000,1345000,269.0,22.121711,171.45,172.33,1.746753,44.06,-0.000754,0.012217,0.002316,None,None,Strong. Price Close Above VWAP.
CUMMINSIND,150,3530700,-47100,-314.0,-1.316451,735900,34500,230.0,4.918734,778050,74100,494.0,10.526316,3268.12,3274.0,2.147826,53.88,0.01647,0.01647,0.010278,Possible Sell,None,Strong. Price Close Above VWAP.
CYIENT,300,916800,141000,470.0,18.174787,314100,43800,146.0,16.204218,321900,63900,213.0,24.767442,1826.4,1837.35,1.458904,38.98,-0.006328,0.026309,0.006435,None,Possible Buy,Strong. Price Close Above VWAP.
DABUR,1250,20851250,191250,153.0,0.925702,4322500,131250,105.0,3.131524,6255000,333750,267.0,5.636479,506.41,507.0,2.542857,48.72,0.003464,0.009357,0.003929,None,None,Strong. Price Close Above VWAP.
DALBHARAT,275,2358400,6050,22.0,0.25719,414700,10175,37.0,2.515296,552750,-17325,-63.0,-3.039074,1764.28,1767.25,-1.702703,55.74,-0.002315,0.013041,0.006605,None,None,Strong. Price Close Above VWAP.
DEEPAKNTR,300,1700100,-2700,-9.0,-0.158562,518400,40500,135.0,8.474576,677400,70500,235.0,11.616411,2506.34,2494.3,1.740741,53.91,-0.007678,0.001727,0.021843,Possible Sell,Possible Sell,Weak. Price Close Below VWAP.
DELHIVERY,1525,7994050,12200,8.0,0.152847,2287500,240950,158.0,11.773472,3734725,420900,276.0,12.701335,345.22,346.15,1.746835,45.42,-0.005173,0.010067,0.003885,None,None,Strong. Price Close Above VWAP.
DIVISLAB,100,3163600,-30200,-302.0,-0.945582,566200,74000,740.0,15.034539,638800,96100,961.0,17.707758,6096.09,6098.8,1.298649,60.33,0.0089,0.020609,0.005941,None,Possible Buy,Strong. Price Close Above VWAP.
DIXON,50,1471500,-5000,-100.0,-0.338639,689800,17950,359.0,2.671727,1207400,103050,2061.0,9.331281,17781.71,17936.3,5.740947,35.87,-0.009241,0.026574,0.005133,None,Possible Buy,Strong. Price Close Above VWAP.
DLF,825,41907525,-123750,-150.0,-0.294424,5741175,249150,302.0,4.536578,8119650,370425,449.0,4.780155,823.98,824.9,1.486755,43.13,0.005118,0.018521,0.004285,None,None,Strong. Price Close Above VWAP.
DMART,150,2689800,70500,470.0,2.691559,536850,52500,350.0,10.839269,716700,22200,148.0,3.196544,3542.84,3561.85,0.422857,65.93,-0.00744,0.014743,0.0045,Possible Buy,None,Strong. Price Close Above VWAP.
DRREDDY,625,12050625,-231250,-370.0,-1.882856,3311875,97500,156.0,3.033249,3856875,0,0.0,0.0,1387.04,1388.5,0.0,59.8,0.008425,0.016062,0.004659,None,None,Strong. Price Close Above VWAP.
EICHERMOT,175,3616375,33250,190.0,0.927961,725725,44625,255.0,6.551901,949725,189875,1085.0,24.988485,4839.75,4821.9,4.254902,58.89,-0.006981,0.002474,0.010365,Possible Sell,None,Weak. Price Close Below VWAP.
ESCORTS,150,1300350,32850,219.0,2.591716,564450,64050,427.0,12.79976,645450,20550,137.0,3.288526,3310.66,3332.55,0.320843,40.37,0.02033,0.0254,0.004838,Possible Buy,Possible Buy,Strong. Price Close Above VWAP.
EXIDEIND,1800,33949800,-259200,-144.0,-0.757695,8542800,750600,417.0,9.63271,13879800,1620000,900.0,13.213919,413.54,416.55,2.158273,32.6,0.012888,0.019706,0.004422,Possible Sell,None,Strong. Price Close Above VWAP.
FEDERALBNK,5000,81820000,-1020000,-204.0,-1.231289,24585000,140000,28.0,0.572714,30670000,655000,131.0,2.182242,198.71,200.02,4.678571,57.34,-0.005123,0.018951,0.002394,None,None,Strong. Price Close Above VWAP.
GAIL,2350,113772900,1828300,778.0,1.633219,20484950,902400,384.0,4.608184,26519750,1198500,510.0,4.733179,190.61,190.98,1.328125,53.75,0.011868,0.019376,0.006037,None,None,Strong. Price Close Above VWAP.
GLENMARK,325,2794350,246025,757.0,9.654381,1437475,276900,852.0,23.858863,1819675,239525,737.0,15.158371,1606.78,1609.1,0.865023,38.25,0.01214,0.013223,0.007708,None,None,Strong. Price Close Above VWAP.
GMRAIRPORT,5625,274252500,-292500,-52.0,-0.10654,43453125,2671875,475.0,6.551724,53178750,6170625,1097.0,13.12672,78.02,78.56,2.309474,56.12,0.016037,0.02079,0.003172,Possible Sell,Possible Buy,Strong. Price Close Above VWAP.
GNFC,1300,5775900,152100,117.0,2.704577,2078700,351000,270.0,20.316027,2931500,620100,477.0,26.827897,555.45,559.0,1.766667,22.75,0.009754,0.021284,0.008865,None,Possible Buy,Strong. Price Close Above VWAP.
GODREJCP,500,13211500,-136000,-272.0,-1.018917,1186000,242000,484.0,25.635593,1800500,110500,221.0,6.538462,1077.02,1082.05,0.456612,55.42,0.020273,0.020273,0.00405,Possible Buy,Possible Buy,Strong. Price Close Above VWAP.
GODREJPROP,225,5124825,-21825,-97.0,-0.424062,778500,13500,60.0,1.764706,967050,110475,491.0,12.897294,2778.83,2786.5,8.183333,41.8,-0.013751,0.01193,0.007657,Possible Sell,None,Strong. Price Close Above VWAP.
GRANULES,1000,13560000,78000,78.0,0.578549,1465000,154000,154.0,11.746758,2062000,332000,332.0,19.190751,587.91,592.3,2.155844,33.28,0.014734,0.022971,0.003617,None,Possible Buy,Strong. Price Close Above VWAP.
GRASIM,250,11510500,313250,1253.0,2.797562,1295250,170000,680.0,15.107754,1279750,231750,927.0,22.11355,2428.03,2442.7,1.363235,64.34,-0.000327,0.012266,0.001757,None,None,Strong. Price Close Above VWAP.
GUJGASLTD,1250,6158750,-113750,-91.0,-1.813472,2757500,445000,356.0,19.243243,2718750,585000,468.0,27.41652,492.59,498.7,1.314607,19.38,0.001205,0.040801,0.0026,None,Possible Buy,Strong. Price Close Above VWAP.
HAL,150,9965250,-184500,-1230.0,-1.817779,2832300,83100,554.0,3.022698,4163100,-104100,-694.0,-2.439539,4152.81,4178.35,-1.252708,33.69,0.023842,0.023854,0.004894,None,Possible Buy,Strong. Price Close Above VWAP.
HAVELLS,500,8572500,63000,126.0,0.740349,1031000,107500,215.0,11.640498,1041500,104500,209.0,11.152615,1672.55,1675.1,0.972093,46.91,0.014659,0.017061,0.00673,None,None,Strong. Price Close Above VWAP.
HCLTECH,350,11852750,276500,790.0,2.388511,2610650,231000,660.0,9.70731,3135300,-175000,-500.0,-5.28653,1908.87,1917.4,-0.757576,61.71,-0.005988,0.020681,0.005395,None,Possible Buy,Strong. Price Close Above VWAP.
HDFCAMC,150,2965200,56550,377.0,1.944201,425100,26550,177.0,6.661648,442950,124950,833.0,39.292453,4206.83,4199.05,4.706215,61.3,-0.015555,0.004065,0.013126,Possible Sell,None,Weak. Price Close Below VWAP.
HDFCBANK,550,124632750,2570700,4674.0,2.10606,14796100,1266650,2303.0,9.362169,19221400,2571250,4675.0,15.442804,1773.08,1772.85,2.029961,60.91,-0.00284,0.004106,0.005023,Possible Sell,None,Weak. Price Close Below VWAP.
HDFCLIFE,1100,27270100,-570900,-519.0,-2.050573,5078700,436700,397.0,9.407583,7343600,169400,154.0,2.361239,615.14,617.05,0.387909,54.03,-0.000567,0.009819,0.003392,None,None,Strong. Price Close Above VWAP.
HEROMOTOCO,150,7391400,147150,981.0,2.031266,1532250,21900,146.0,1.449995,2344650,135450,903.0,6.131179,4171.29,4160.6,6.184932,61.2,-0.006448,0.002554,0.01348,None,None,Weak. Price Close Below VWAP.
HFCL,4150,35063350,-124500,-30.0,-0.353815,8237750,302950,73.0,3.817992,11632450,792650,191.0,7.312404,111.56,112.63,2.616438,33.01,0.015325,0.025681,0.005035,None,Possible Buy,Strong. Price Close Above VWAP.
HINDALCO,1400,44389800,558600,399.0,1.274435,10637200,278600,199.0,2.689553,13543600,1383200,988.0,11.374626,601.78,602.45,4.964824,54.62,0.002246,0.008369,0.005694,Possible Sell,None,Strong. Price Close Above VWAP.
HINDCOPPER,2650,38997400,-18550,-7.0,-0.047545,6413000,564450,213.0,9.65111,10364150,832100,314.0,8.729497,246.74,247.95,1.474178,31.31,0.003237,0.017022,0.008993,None,None,Strong. Price Close Above VWAP.
HINDPETRO,2025,39558375,-10125,-5.0,-0.025589,8729775,743175,367.0,9.305274,9298800,198450,98.0,2.180685,407.47,408.75,0.26703,38.71,0.00727,0.01515,0.004506,None,None,Strong. Price Close Above VWAP.
HINDUNILVR,300,14922600,217800,726.0,1.481149,3422400,143400,478.0,4.373285,3480300,267000,890.0,8.309215,2335.1,2326.85,1.861925,77.09,-0.007105,0.00155,0.010966,None,None,Weak. Price Close Below VWAP.
HUDCO,2425,14593650,623225,257.0,4.461031,5361675,1096100,452.0,25.696418,9297450,2398325,989.0,34.762742,232.67,234.71,2.188053,25.77,0.040381,0.044734,0.007233,None,Possible Buy,Strong. Price Close Above VWAP.
ICICIBANK,700,86060800,2623600,3748.0,3.144401,12088300,1121400,1602.0,10.225314,13722100,1420300,2029.0,11.545465,1282.67,1281.65,1.266542,66.52,-0.010041,0.001211,0.006434,None,None,Weak. Price Close Below VWAP.
ICICIGI,250,6565750,236000,944.0,3.728425,442750,5750,23.0,1.315789,638500,128250,513.0,25.134738,1790.61,1787.75,22.304348,55.47,-0.010544,0.027561,0.01672,Possible Sell,Possible Buy,Weak. Price Close Below VWAP.
ICICIPRULI,750,10041000,-2250,-3.0,-0.022403,1662000,222750,297.0,15.476811,2174250,565500,754.0,35.151515,650.62,654.85,2.538721,54.67,0.012133,0.017717,0.007653,None,None,Strong. Price Close Above VWAP.
IDEA,40000,3410560000,-31960000,-799.0,-0.92839,334480000,26160000,654.0,8.484691,486720000,51560000,1289.0,11.848515,7.84,7.94,1.970948,26.01,0.021879,0.041995,0.016109,Possible Sell,Possible Buy,Strong. Price Close Above VWAP.
IDFCFIRSTB,7500,468592500,870000,116.0,0.186008,74430000,2715000,362.0,3.785819,92827500,5085000,678.0,5.795367,63.14,63.14,1.872928,40.16,-0.010655,0.011049,0.007233,None,None,Neutral
IEX,3750,34260000,281250,75.0,0.827723,11733750,600000,160.0,5.38902,13646250,1582500,422.0,13.117812,180.6,181.78,2.6375,39.53,0.016439,0.0225,0.005253,Possible Sell,Possible Buy,Strong. Price Close Above VWAP.
IGL,1375,22745250,1226500,892.0,5.699681,8558000,1445125,1051.0,20.317031,14404500,1663750,1210.0,13.058493,411.09,415.65,1.151284,21.72,0.020501,0.035372,0.004908,None,Possible Buy,Strong. Price Close Above VWAP.
INDHOTEL,1000,16784000,-368000,-368.0,-2.145522,4333000,578000,578.0,15.39281,6446000,460000,460.0,7.684597,871.66,877.55,0.795848,56.71,-0.013601,0.022786,0.003916,Possible Buy,Possible Buy,Strong. Price Close Above VWAP.
INDIAMART,300,1190400,23700,79.0,2.031371,444600,97800,326.0,28.200692,430800,57900,193.0,15.526951,2246.4,2248.8,0.592025,61.98,-0.008815,0.010175,0.011516,None,None,Strong. Price Close Above VWAP.
INDIANB,950,3624250,521550,549.0,16.809553,1107700,47500,50.0,4.480287,1879100,173850,183.0,10.194986,530.9,529.95,3.66,65.62,-0.001883,0.008084,0.01138,Possible Sell,None,Weak. Price Close Below VWAP.
INDIGO,150,7202850,37650,251.0,0.525456,962100,23700,158.0,2.525575,1380300,61650,411.0,4.675236,4565.65,4554.25,2.601266,70.28,-0.009418,0.002024,0.016297,None,None,Weak. Price Close Below VWAP.
INDUSINDBK,500,58127500,134000,268.0,0.23106,8731000,353500,707.0,4.219636,11863500,791500,1583.0,7.148663,955.89,960.15,2.239038,49.92,-0.003477,0.011696,0.001352,None,None,Strong. Price Close Above VWAP.
INDUSTOWER,1700,90917700,-2136900,-1257.0,-2.296394,13086600,-11900,-7.0,-0.09085,15614500,1297100,763.0,9.059606,340.8,341.8,-109.0,59.68,0.005146,0.01969,0.005817,None,None,Strong. Price Close Above VWAP.
INFY,400,40656400,-490800,-1227.0,-1.192791,6678000,1099200,2748.0,19.703162,9677200,1062800,2657.0,12.337481,1872.77,1880.0,0.966885,58.78,-0.013641,0.018943,0.008962,None,None,Strong. Price Close Above VWAP.
IOC,4875,135178875,-994500,-204.0,-0.730319,39024375,1433250,294.0,3.812735,45498375,141375,29.0,0.311694,135.84,136.41,0.098639,36.69,0.013372,0.016316,0.006048,None,None,Strong. Price Close Above VWAP.
IPCALAB,650,2487550,-41600,-64.0,-1.644821,863850,152100,234.0,21.369863,1571700,224250,345.0,16.642547,1684.71,1695.2,1.474359,46.17,0.019393,0.028329,0.002325,None,Possible Buy,Strong. Price Close Above VWAP.
IRB,10250,42035250,5596500,546.0,15.35865,13458250,3218500,314.0,31.431431,25348250,8015500,782.0,46.244826,56.41,57.24,2.490446,33.7,0.028941,0.036018,0.006422,None,Possible Buy,Strong. Price Close Above VWAP.
IRCTC,875,16791250,-378000,-432.0,-2.20161,5748750,35000,40.0,0.612557,7932750,399000,456.0,5.296167,780.2,786.9,11.4,37.51,0.023344,0.025945,0.003798,None,Possible Buy,Strong. Price Close Above VWAP.
IRFC,3525,55437675,9580950,2718.0,20.893228,13719300,2915175,827.0,26.982055,40611525,7677450,2178.0,23.31157,148.43,149.04,2.633615,19.27,-0.028106,0.022994,0.01095,None,Possible Buy,Strong. Price Close Above VWAP.
ITC,1600,78841600,-6172800,-3858.0,-7.260888,34496000,3385600,2116.0,10.882534,83104000,-3598400,-2249.0,-4.150289,479.83,483.65,-1.062854,68.97,0.013941,0.019176,0.002063,Possible Buy,None,Strong. Price Close Above VWAP.
JINDALSTEL,625,18996875,28125,45.0,0.14827,3668750,-5625,-9.0,-0.153087,3813125,227500,364.0,6.34478,926.13,930.7,-40.444444,41.39,0.013503,0.021064,0.005131,None,Possible Buy,Strong. Price Close Above VWAP.
JIOFIN,1650,41659200,2423850,1469.0,6.17772,11512050,1654950,1003.0,16.789421,16990050,4057350,2459.0,31.372799,298.76,298.7,2.451645,57.87,-0.024653,0.00827,0.016949,None,None,Weak. Price Close Below VWAP.
JKCEMENT,125,829125,-9625,-77.0,-1.147541,90750,5250,42.0,6.140351,109625,8750,70.0,8.674102,4589.74,4595.4,1.666667,55.23,0.004964,0.013531,0.007098,None,None,Strong. Price Close Above VWAP.
JSL,775,1998725,82925,107.0,4.328479,323175,27900,36.0,9.448819,810650,119350,154.0,17.264574,692.56,699.2,4.277778,58.2,0.017907,0.027933,0.006818,Possible Sell,Possible Buy,Strong. Price Close Above VWAP.
JSWENERGY,750,8022750,74250,99.0,0.934139,2154000,99000,132.0,4.817518,4267500,-236250,-315.0,-5.245629,637.79,642.65,-2.386364,28.61,-0.001321,0.023328,0.003875,None,Possible Buy,Strong. Price Close Above VWAP.
JSWSTEEL,675,29953800,-63450,-94.0,-0.211378,4213350,242325,359.0,6.102329,4529925,459675,681.0,11.293532,901.74,901.5,1.896936,50.27,0.002837,0.005465,0.005406,Possible Sell,None,Weak. Price Close Below VWAP.
JUBLFOOD,1250,18002500,338750,271.0,1.917769,5346250,590000,472.0,12.404731,9555000,883750,707.0,10.191726,719.16,718.1,1.497881,38.91,-0.000904,0.013049,0.00856,None,None,Weak. Price Close Below VWAP.
KALYANKJIL,775,8427350,803675,1037.0,10.541832,825375,319300,412.0,63.093415,2236650,768800,992.0,52.375924,754.71,766.25,2.407767,48.58,0.029352,0.055441,0.010013,None,Possible Buy,Strong. Price Close Above VWAP.
KEI,150,378300,19050,127.0,5.302714,88950,14250,95.0,19.076305,143400,12150,81.0,9.257143,4386.02,4436.65,0.852632,61.75,0.01924,0.029385,0.006349,Possible Buy,Possible Buy,Strong. Price Close Above VWAP.
KOTAKBANK,400,39203200,349200,873.0,0.898749,6792400,1508000,3770.0,28.536825,7518000,2173600,5434.0,40.670608,1781.3,1786.05,1.441379,53.25,0.026053,0.029394,0.005872,None,Possible Buy,Strong. Price Close Above VWAP.
KPITTECH,400,1476000,-20800,-52.0,-1.389631,858000,259200,648.0,43.286573,706400,306400,766.0,76.6,1452.93,1464.7,1.182099,42.5,-0.003707,0.025664,0.002791,None,Possible Buy,Strong. Price Close Above VWAP.
LALPATHLAB,150,744150,6450,43.0,0.874339,182700,38400,256.0,26.611227,226500,30150,201.0,15.355233,2972.33,3000.4,0.785156,41.86,0.015398,0.02366,0.004628,None,Possible Buy,Strong. Price Close Above VWAP.
LAURUSLABS,1700,22582800,-404600,-238.0,-1.760095,5939800,564400,332.0,10.499684,6835700,-292400,-172.0,-4.102075,597.74,602.7,-0.518072,34.93,0.026047,0.031226,0.003307,Possible Buy,Possible Buy,Strong. Price Close Above VWAP.
LICHSGFIN,1000,25896000,-60000,-60.0,-0.23116,4139000,184000,184.0,4.652339,4465000,187000,187.0,4.371201,593.65,598.05,1.016304,36.04,0.012271,0.020999,0.002252,None,Possible Buy,Strong. Price Close Above VWAP.
LICI,575,5242850,40825,71.0,0.784791,1516275,125350,218.0,9.011988,1911875,185725,323.0,10.759494,889.42,892.0,1.481651,40.64,-0.0148,0.010078,0.012182,Possible Sell,None,Strong. Price Close Above VWAP.
LODHA,450,3040200,40950,91.0,1.365341,580500,93600,208.0,19.22366,1022400,259200,576.0,33.962264,1379.37,1389.4,2.769231,38.23,-0.021859,0.028271,0.008669,None,Possible Buy,Strong. Price Close Above VWAP.
LT,150,15652800,-30900,-206.0,-0.19702,2905650,114000,760.0,4.083606,3256950,325950,2173.0,11.120778,3593.79,3607.65,2.859211,63.67,0.008019,0.016239,0.003577,Possible Sell,None,Strong. Price Close Above VWAP.
LTF,4462,91560240,1619706,363.0,1.800863,16308610,499744,112.0,3.161163,22952528,2449638,549.0,11.947769,135.51,135.63,4.901786,38.26,-0.004916,0.007278,0.004112,Possible Sell,None,Strong. Price Close Above VWAP.
LTIM,150,2616600,32850,219.0,1.271408,679200,48750,325.0,7.732572,1071600,88650,591.0,9.01877,5568.12,5585.9,1.818462,42.62,-0.010206,0.013775,0.006068,None,None,Strong. Price Close Above VWAP.
LTTS,100,727000,38200,382.0,5.545877,287000,54500,545.0,23.44086,456000,70300,703.0,18.226601,4729.25,4737.4,1.289908,45.97,-0.003597,0.014161,0.004455,None,None,Strong. Price Close Above VWAP.
LUPIN,425,6989125,-69700,-164.0,-0.987416,2890850,1171725,2757.0,68.15822,3607825,1509600,3552.0,71.946526,2347.41,2355.7,1.288357,39.67,0.019188,0.025644,0.007667,None,Possible Buy,Strong. Price Close Above VWAP.
M&M,175,17346525,105350,602.0,0.611037,2029825,171675,981.0,9.239028,2464000,196525,1123.0,8.66713,3002.52,3007.1,1.14475,62.04,0.001399,0.012083,0.003909,None,None,Strong. Price Close Above VWAP.
M&MFIN,2000,32094000,934000,467.0,2.997433,6468000,590000,295.0,10.037428,7326000,792000,396.0,12.121212,264.46,264.95,1.342373,63.59,0.003218,0.010681,0.00376,None,None,Strong. Price Close Above VWAP.
MANAPPURAM,3000,69231000,2643000,881.0,3.969184,12387000,1083000,361.0,9.580679,17049000,2901000,967.0,20.504665,187.37,188.45,2.67867,31.32,-0.003332,0.016945,0.007636,Possible Sell,None,Strong. Price Close Above VWAP.
MARICO,1200,18798000,267600,223.0,1.444113,2499600,46800,39.0,1.908023,2542800,206400,172.0,8.834104,638.37,639.5,4.410256,63.03,-0.004204,0.008277,0.004049,None,None,Strong. Price Close Above VWAP.
MARUTI,50,3135750,1650,33.0,0.052647,679350,61100,1222.0,9.882734,1084800,83200,1664.0,8.306709,10832.98,10858.4,1.361702,49.58,0.005505,0.010027,0.00324,None,None,Strong. Price Close Above VWAP.
MAXHEALTH,525,4087125,104475,199.0,2.623253,318675,29400,56.0,10.163339,641025,158550,302.0,32.861806,1136.63,1128.15,5.392857,60.46,-0.029214,0.001954,0.023331,None,Possible Sell,Weak. Price Close Below VWAP.
MCX,100,1431100,94500,945.0,7.070178,467200,88100,881.0,23.239251,595800,84900,849.0,16.617733,6253.63,6234.1,0.963678,44.86,-0.016913,0.006791,0.016548,None,None,Weak. Price Close Below VWAP.
METROPOLIS,400,1583600,-800,-2.0,-0.050492,243600,37600,94.0,18.252427,336800,40800,102.0,13.783784,2072.48,2076.65,1.085106,29.89,0.011791,0.013841,0.005722,None,None,Strong. Price Close Above VWAP.
MFSL,800,3269600,-149600,-187.0,-4.375292,486400,16000,20.0,3.401361,777600,91200,114.0,13.286713,1111.14,1113.9,5.7,55.69,-0.000314,0.018842,0.006954,Possible Sell,None,Strong. Price Close Above VWAP.
MGL,400,5256400,347600,869.0,7.08116,1513600,236400,591.0,18.509239,2003600,476800,1192.0,31.228714,1281.25,1284.4,2.01692,35.81,0.021189,0.030777,0.006267,None,Possible Buy,Strong. Price Close Above VWAP.
MOTHERSON,3550,121434850,-2002200,-564.0,-1.622041,21740200,923000,260.0,4.433834,27164600,1963150,553.0,7.78983,155.58,156.12,2.126923,60.12,0.014689,0.024409,0.003765,None,Possible Buy,Strong. Price Close Above VWAP.
MPHASIS,275,3350875,-19525,-71.0,-0.579308,544500,105600,384.0,24.06015,854975,199100,724.0,30.356394,2853.51,2847.2,1.885417,48.9,-0.029997,0.012338,0.023293,None,Possible Sell,Weak. Price Close Below VWAP.
MRF,5,59320,-180,-36.0,-0.302521,4280,240,48.0,5.940594,5160,1095,219.0,26.937269,130528.31,130634.85,4.5625,28.35,-0.003865,0.008358,0.005823,Possible Sell,None,Strong. Price Close Above VWAP.
MUTHOOTFIN,275,3549700,29700,108.0,0.84375,655600,187825,683.0,40.152851,820875,256025,931.0,45.326193,2142.56,2136.15,1.363104,51.85,0.016488,0.018718,0.011842,None,None,Weak. Price Close Below VWAP.
NATIONALUM,3750,53025000,-772500,-206.0,-1.43594,16065000,176250,47.0,1.109275,22065000,1571250,419.0,7.666972,210.76,211.7,8.914894,39.3,0.00973,0.016811,0.005683,None,None,Strong. Price Close Above VWAP.
NAUKRI,75,1186575,-11475,-153.0,-0.957806,167625,31875,425.0,23.480663,256275,27600,368.0,12.069531,8618.78,8677.25,0.865882,54.51,-0.004074,0.02872,0.008201,None,Possible Buy,Strong. Price Close Above VWAP.
NAVINFLUOR,175,1516025,69475,397.0,4.802807,272475,-3850,-22.0,-1.393287,307475,37100,212.0,13.721683,3204.37,3245.8,-9.636364,77.89,0.008796,0.020692,0.004936,Possible Sell,Possible Buy,Strong. Price Close Above VWAP.
NCC,1775,7257975,-596400,-336.0,-7.59322,1382725,204125,115.0,17.319277,2664275,628350,354.0,30.863121,272.15,273.9,3.078261,45.58,0.013319,0.023543,0.004,None,Possible Buy,Strong. Price Close Above VWAP.
NESTLEIND,200,9338000,25800,129.0,0.277056,1588400,141400,707.0,9.771942,1551800,133600,668.0,9.420392,2163.31,2170.05,0.944837,68.22,0.004699,0.010383,0.002069,None,None,Strong. Price Close Above VWAP.
NHPC,6400,42982400,1203200,188.0,2.879902,10534400,2278400,356.0,27.596899,13638400,185600,29.0,1.379638,79.45,80.69,0.081461,49.46,0.011787,0.029603,0.004442,Possible Buy,Possible Buy,Strong. Price Close Above VWAP.
NMDC,13500,253678500,6898500,511.0,2.795405,90477000,4995000,370.0,5.843335,149877000,15511500,1149.0,11.544258,66.52,65.92,3.105405,56.11,-0.014354,0.005645,0.028015,Possible Sell,Possible Sell,Weak. Price Close Below VWAP.
NTPC,1500,124962000,328500,219.0,0.263573,19213500,4378500,2919.0,29.514661,26556000,3456000,2304.0,14.961039,331.28,333.35,0.789311,49.59,0.005884,0.021919,0.003736,None,Possible Buy,Strong. Price Close Above VWAP.
NYKAA,2950,24679700,215350,73.0,0.88026,4646250,1059050,359.0,29.523026,6189100,944000,320.0,17.99775,162.99,163.76,0.891365,49.18,0.011176,0.023564,0.006311,None,Possible Buy,Strong. Price Close Above VWAP.
OBEROIRLTY,350,5701500,1400,4.0,0.024561,876050,46550,133.0,5.611814,1576400,18200,52.0,1.168014,2295.47,2311.5,0.390977,57.47,0.020327,0.022788,0.001943,None,Possible Buy,Strong. Price Close Above VWAP.
OFSS,50,682250,57050,1141.0,9.12508,177650,16250,325.0,10.068154,207150,20250,405.0,10.834671,12696.43,12789.45,1.246154,49.88,-0.012051,0.037259,0.007647,None,Possible Buy,Strong. Price Close Above VWAP.
OIL,1075,7436850,302075,281.0,4.233841,937400,346150,322.0,58.545455,1265275,608450,566.0,92.635025,430.54,430.75,1.757764,47.47,0.022431,0.030749,0.01464,None,Possible Buy,Strong. Price Close Above VWAP.
ONGC,1925,107699900,348425,181.0,0.324565,21773675,1807575,939.0,9.05322,29671950,1686300,876.0,6.025588,237.5,239.25,0.932907,35.96,0.028369,0.029697,0.002709,None,Possible Buy,Strong. Price Close Above VWAP.
PAGEIND,15,178200,-600,-40.0,-0.33557,17325,2310,154.0,15.384615,23385,2505,167.0,11.997126,47477.05,47514.4,1.084416,57.85,0.010831,0.016351,0.007152,None,None,Strong. Price Close Above VWAP.
PAYTM,650,11947650,276250,425.0,2.366897,3662100,235950,363.0,6.886739,6085950,326300,502.0,5.665275,1019.64,1017.85,1.38292,26.99,-0.002988,0.010674,0.012707,None,None,Weak. Price Close Below VWAP.
PEL,750,9933750,-18000,-24.0,-0.180873,1992750,68250,91.0,3.546376,2562750,149250,199.0,6.183965,1103.81,1104.7,2.186813,44.41,0.002086,0.011121,0.006028,None,None,Strong. Price Close Above VWAP.
PERSISTENT,100,1807600,53200,532.0,3.032376,532600,106000,1060.0,24.847632,695300,102900,1029.0,17.37002,6403.1,6457.7,0.970755,32.31,-0.027118,0.029312,0.010033,None,Possible Buy,Strong. Price Close Above VWAP.
PETRONET,1500,28075500,6000,4.0,0.021376,8683500,970500,647.0,12.582653,8340000,-259500,-173.0,-3.017617,346.04,346.2,-0.267388,57.17,0.004935,0.013614,0.007169,Possible Buy,None,Strong. Price Close Above VWAP.
PFC,1300,65400400,273000,210.0,0.419178,15207400,158600,122.0,1.053905,21143200,1014000,780.0,5.037458,446.7,448.5,6.393443,48.2,0.018277,0.016546,0.003112,None,None,Strong. Price Close Above VWAP.
PIDILITIND,250,2929500,32000,128.0,1.1044,550000,126000,504.0,29.716981,554000,151500,606.0,37.639752,2903.05,2904.25,1.202381,54.98,-0.002165,0.008753,0.010275,None,None,Strong. Price Close Above VWAP.
PIIND,125,1713500,39625,317.0,2.367262,249000,30750,246.0,14.089347,305250,15875,127.0,5.485961,3705.38,3685.65,0.51626,64.66,-0.013517,0.00253,0.012644,Possible Buy,None,Weak. Price Close Below VWAP.
PNB,8000,337640000,2856000,357.0,0.853087,63688000,2128000,266.0,3.45679,85776000,10856000,1357.0,14.490123,102.12,102.78,5.101504,33.94,0.010024,0.017624,0.002523,Possible Sell,None,Strong. Price Close Above VWAP.
POLICYBZR,325,2515500,87750,270.0,3.614458,502450,38675,119.0,8.339173,546975,45500,140.0,9.073234,2086.12,2108.85,1.176471,63.94,0.000474,0.03782,0.00601,None,Possible Buy,Strong. Price Close Above VWAP.
POLYCAB,125,1554625,-11375,-91.0,-0.726373,405375,56750,454.0,16.278236,451875,40000,320.0,9.711684,7288.14,7272.35,0.704846,47.23,-0.001551,0.012573,0.012271,Possible Buy,None,Weak. Price Close Below VWAP.
POONAWALLA,1450,12165500,73950,51.0,0.611584,1847300,33350,23.0,1.838529,2681050,124700,86.0,4.878049,313.96,314.35,3.73913,41.39,-0.003171,0.00834,0.006793,None,None,Strong. Price Close Above VWAP.
POWERGRID,1800,74620800,-565200,-314.0,-0.751736,10287000,673200,374.0,7.002434,15442200,1623600,902.0,11.749381,307.66,308.7,2.411765,58.64,0.003739,0.011634,0.00339,Possible Sell,None,Strong. Price Close Above VWAP.
PRESTIGE,325,2457650,-37375,-115.0,-1.497981,328900,0,0.0,0.0,477425,144950,446.0,43.597263,1690.81,1694.0,0,54.61,0.011343,0.017051,0.008197,Possible Sell,None,Strong. Price Close Above VWAP.
PVRINOX,407,4084652,-11803,-29.0,-0.288127,1642652,140415,345.0,9.34706,2455838,405372,996.0,19.76975,1299.64,1304.9,2.886957,31.17,-0.003893,0.015012,0.006093,Possible Sell,None,Strong. Price Close Above VWAP.
RAMCOCEM,850,6304450,-73950,-87.0,-1.159382,1490050,430100,506.0,40.577386,1394000,360400,424.0,34.868421,963.67,965.65,0.837945,48.67,0.010993,0.016474,0.007911,None,None,Strong. Price Close Above VWAP.
RBLBANK,2500,63425000,2262500,905.0,3.699162,16665000,422500,169.0,2.601201,21442500,1315000,526.0,6.53335,157.02,158.0,3.112426,24.57,0.007525,0.017582,0.00372,None,None,Strong. Price Close Above VWAP.
RECLTD,1000,48401000,233000,233.0,0.483724,13195000,323000,323.0,2.509323,18082000,1298000,1298.0,7.733556,500.16,500.7,4.018576,43.37,0.008459,0.011413,0.006745,None,None,Strong. Price Close Above VWAP.
RELIANCE,500,189274500,-430000,-860.0,-0.226668,46731500,770000,1540.0,1.675315,61869000,5788000,11576.0,10.320786,1213.08,1215.45,7.516883,52.35,0.003923,0.00771,0.002994,Possible Sell,None,Strong. Price Close Above VWAP.
SAIL,4000,146244000,1352000,338.0,0.933109,28192000,872000,218.0,3.191801,34832000,2808000,702.0,8.768424,112.67,113.13,3.220183,25.69,0.01253,0.016351,0.004575,None,None,Strong. Price Close Above VWAP.
SBICARD,800,22334400,212000,265.0,0.958305,5126400,496800,621.0,10.730949,5023200,561600,702.0,12.587413,665.78,663.85,1.130435,48.77,-0.008439,0.001207,0.012348,None,None,Weak. Price Close Below VWAP.
SBILIFE,375,12213750,9375,25.0,0.076817,1375875,143250,382.0,11.621539,1951500,259125,691.0,15.311323,1389.53,1390.4,1.808901,66.33,-0.009581,0.005751,0.00668,None,None,Strong. Price Close Above VWAP.
SBIN,750,113485500,-350250,-467.0,-0.30768,28722000,1811250,2415.0,6.730582,47716500,2156250,2875.0,4.732744,794.69,794.95,1.190476,41.51,0.008436,0.011387,0.005318,None,None,Strong. Price Close Above VWAP.
SHREECEM,25,368350,1800,72.0,0.491065,23475,3650,146.0,18.411097,34250,5050,202.0,17.294521,25797.54,25694.2,1.383562,26.32,-0.003728,0.002221,0.013658,None,None,Weak. Price Close Below VWAP.
SHRIRAMFIN,150,6528750,112350,749.0,1.750982,742350,19350,129.0,2.676349,899400,53400,356.0,6.312057,2892.95,2889.15,2.75969,59.95,-0.010226,0.002811,0.008085,None,None,Weak. Price Close Below VWAP.
SIEMENS,75,2196150,52950,706.0,2.470605,684000,23925,319.0,3.624588,1284675,30600,408.0,2.440045,6512.61,6536.05,1.278997,49.77,0.015924,0.016643,0.010776,None,None,Strong. Price Close Above VWAP.
SJVN,4725,11807775,429975,91.0,3.77907,3987900,642600,136.0,19.20904,8122275,4432050,938.0,120.102433,104.35,104.41,6.897059,38.42,0.008792,0.012706,0.008734,None,None,Strong. Price Close Above VWAP.
SONACOMS,775,3547950,140275,181.0,4.116443,346425,58125,75.0,20.16129,592875,-3875,-5.0,-0.649351,590.22,594.8,-0.066667,63.99,-0.007426,0.017274,0.006348,Possible Buy,None,Strong. Price Close Above VWAP.
SRF,375,5756625,-25500,-68.0,-0.441014,794625,41250,110.0,5.475361,830250,147750,394.0,21.648352,2229.63,2237.95,3.581818,49.3,-0.007627,0.014943,0.009669,Possible Sell,None,Strong. Price Close Above VWAP.
SUNPHARMA,350,16354100,-105700,-302.0,-0.642171,2414300,548100,1566.0,29.369842,3095400,636300,1818.0,25.87532,1892.7,1886.35,1.16092,63.07,0.0013,0.009391,0.012382,None,None,Weak. Price Close Below VWAP.
SUNTV,750,4547250,-22500,-30.0,-0.492368,791250,79500,106.0,11.169652,1199250,215250,287.0,21.875,684.17,683.35,2.707547,33.64,0.001466,0.007891,0.007768,None,None,Weak. Price Close Below VWAP.
SUPREMEIND,125,458750,16875,135.0,3.818953,42125,2875,23.0,7.324841,53875,9375,75.0,21.067416,4687.39,4700.55,3.26087,54.09,0.012384,0.017876,0.007642,Possible Sell,None,Strong. Price Close Above VWAP.
SYNGENE,1000,5528000,-162000,-162.0,-2.8471,1065000,137000,137.0,14.762931,1373000,279000,279.0,25.502742,861.59,858.45,2.036496,59.86,-0.000582,0.012204,0.013389,None,None,Weak. Price Close Below VWAP.
TATACHEM,550,7407950,616000,1120.0,9.06956,2691700,364100,662.0,15.642722,5233250,886600,1612.0,20.397317,1048.53,1052.2,2.435045,26.35,0.019771,0.021553,0.008341,None,Possible Buy,Strong. Price Close Above VWAP.
TATACOMM,250,6115750,19000,76.0,0.311641,1008250,47750,191.0,4.971369,1245750,124250,497.0,11.078912,1698.92,1703.4,2.602094,42.74,0.003712,0.013295,0.008181,Possible Sell,None,Strong. Price Close Above VWAP.
TATACONSUM,456,14794008,-209304,-459.0,-1.395052,2891496,95760,210.0,3.425216,3237600,82992,182.0,2.630818,909.02,914.7,0.866667,53.94,0.012396,0.024185,0.002671,None,Possible Buy,Strong. Price Close Above VWAP.
TATAELXSI,100,676800,23600,236.0,3.612982,140100,45500,455.0,48.097252,170500,49600,496.0,41.025641,6793.96,6796.55,1.09011,31.79,-0.018627,0.010775,0.018627,None,None,Strong. Price Close Above VWAP.
TATAMOTORS,550,108176750,-447150,-813.0,-0.41165,26447850,907500,1650.0,3.553201,42716300,1815550,3301.0,4.438916,738.63,740.15,2.000606,32.3,0.00886,0.010099,0.004372,None,None,Strong. Price Close Above VWAP.
TATAPOWER,1350,87642000,814050,603.0,0.937544,24457950,1148850,851.0,4.928762,32159700,2720250,2015.0,9.240152,389.75,392.4,2.367803,47.2,0.006799,0.017899,0.006582,None,None,Strong. Price Close Above VWAP.
TATASTEEL,5500,232958000,-2167000,-394.0,-0.921637,105644000,3536500,643.0,3.463507,121946000,2348500,427.0,1.96367,137.63,138.05,0.664075,42.11,0.008548,0.010911,0.004543,None,None,Strong. Price Close Above VWAP.
TCS,175,10865225,12950,74.0,0.11933,3686375,447300,2556.0,13.809498,4185650,488950,2794.0,13.226662,4079.71,4094.8,1.093114,54.94,-0.015389,0.015563,0.010906,None,None,Strong. Price Close Above VWAP.
TECHM,600,10900800,123600,206.0,1.146866,2376600,381000,635.0,19.092002,3298800,382200,637.0,13.1043,1700.94,1706.2,1.00315,51.76,-0.019904,0.014116,0.013187,None,None,Strong. Price Close Above VWAP.
TIINDIA,150,509250,900,6.0,0.177043,61800,25500,170.0,70.247934,88800,55650,371.0,167.873303,3562.35,3576.25,2.182353,54.09,0.010055,0.024934,0.007865,None,Possible Buy,Strong. Price Close Above VWAP.
TITAN,175,7880950,91875,525.0,1.179537,1678250,97125,555.0,6.142778,2126075,152075,869.0,7.703901,3252.74,3253.15,1.565766,65.08,-0.001289,0.006918,0.006869,None,None,Strong. Price Close Above VWAP.
TORNTPHARM,250,1905500,-3250,-13.0,-0.170269,190250,39250,157.0,25.993377,258250,65500,262.0,33.981842,3363.69,3360.05,1.66879,58.02,-0.002805,0.004815,0.01079,None,None,Weak. Price Close Below VWAP.
TRENT,100,3321700,-114500,-1145.0,-3.332169,797200,57700,577.0,7.802569,1055900,46900,469.0,4.648167,7049.64,7123.35,0.812825,48.53,0.024301,0.044817,0.00317,None,Possible Buy,Strong. Price Close Above VWAP.
TVSMOTOR,350,8886500,62650,179.0,0.710008,1181250,49350,141.0,4.359926,1467550,125650,359.0,9.363589,2361.26,2368.5,2.546099,58.64,0.006331,0.009569,0.002695,None,None,Strong. Price Close Above VWAP.
UBL,400,1379600,28400,71.0,2.101835,282800,23600,59.0,9.104938,435200,44800,112.0,11.47541,2037.04,2037.0,1.898305,23.81,0.000786,0.005628,0.00525,Possible Sell,None,Weak. Price Close Below VWAP.
ULTRACEMCO,50,2435150,12100,242.0,0.499371,256400,39900,798.0,18.429561,356600,22500,450.0,6.734511,11380.63,11426.35,0.56391,60.56,0.012225,0.020752,0.003371,Possible Buy,Possible Buy,Strong. Price Close Above VWAP.
UNIONBANK,4425,21381600,-1181475,-267.0,-5.236321,5460450,920400,208.0,20.272904,7407450,-199125,-45.0,-2.617801,119.39,120.37,-0.216346,35.48,0.012108,0.025123,0.003725,Possible Buy,Possible Buy,Strong. Price Close Above VWAP.
UNITDSPR,350,10768100,-57750,-165.0,-0.533445,660450,98350,281.0,17.496887,1084300,29750,85.0,2.821109,1619.86,1625.45,0.302491,62.98,0.003643,0.014923,0.004837,Possible Buy,None,Strong. Price Close Above VWAP.
UPL,1355,29114885,123305,91.0,0.425313,5089380,205960,152.0,4.217536,5833275,441730,326.0,8.193013,499.86,501.0,2.144737,48.67,0.000499,0.016227,0.008804,None,None,Strong. Price Close Above VWAP.
VBL,875,9053625,-585375,-669.0,-6.072985,1081500,160125,183.0,17.378917,1628375,132125,151.0,8.830409,636.79,638.5,0.825137,62.17,-0.007693,0.010445,0.007384,Possible Buy,None,Strong. Price Close Above VWAP.
VEDL,1150,105724100,-174800,-152.0,-0.165063,19217650,1377700,1198.0,7.722555,31055750,3087750,2685.0,11.040296,442.39,444.45,2.241235,47.84,0.010918,0.01461,0.004591,Possible Sell,None,Strong. Price Close Above VWAP.
VOLTAS,300,7467900,-107700,-359.0,-1.42167,1099500,197700,659.0,21.922821,1399500,357000,1190.0,34.244604,1778.41,1789.95,1.805766,58.98,0.0107,0.033727,0.010421,None,Possible Buy,Strong. Price Close Above VWAP.
WIPRO,3000,60417000,678000,226.0,1.134937,22434000,2535000,845.0,12.739334,32316000,2304000,768.0,7.676929,299.75,301.85,0.908876,46.81,-0.006092,0.022354,0.003795,Possible Buy,Possible Buy,Strong. Price Close Above VWAP.
YESBANK,26000,259896000,5382000,207.0,2.114618,38194000,1040000,40.0,2.79916,77662000,5408000,208.0,7.484707,19.54,19.59,5.2,40.18,0.002559,0.012403,0.005584,None,None,Strong. Price Close Above VWAP.
ZOMATO,2000,117570000,328000,164.0,0.279763,31914000,1168000,584.0,3.798868,43562000,1604000,802.0,3.82287,278.36,278.05,1.373288,51.62,-0.014357,0.011091,0.012607,None,None,Weak. Price Close Below VWAP.
ZYDUSLIFE,900,11724300,33300,37.0,0.284834,2437200,91800,102.0,3.914045,3040200,506700,563.0,20.0,970.91,971.7,5.519608,45.43,0.015414,0.012082,0.00517,Possible Sell,None,Strong. Price Close Above VWAP.
