Symbol,01-11-2024 OI,29-11-2024 OI,27-12-2024 OI,31-12-2024 OI,MAX,CURRENT OI IS MAX ?,AVG,AVG TO MAX,PRESENT TO LAST MONTH,01-11-2024 OI(LOTS),29-11-2024 OI(LOTS),27-12-2024 OI(LOTS),31-12-2024 OI(LOTS),MAX(LOTS),AVG(LOTS)
AARTIIND,14528000.0,15835000.0,16251000.0,15256000,16251000.0,NO,15538000,0.045888,0.938773,14528.0,15835.0,16251.0,15256.0,16251.0,15538
ABB,1732375.0,1471500.0,1640875.0,1753875,1753875,YES,1614916,0.086047,1.068866,13859.0,11772.0,13127.0,14031.0,14031.0,12919
ABBOTINDIA,102620.0,93760.0,80280.0,79760,102620.0,NO,92220,0.112774,0.993523,5131.0,4688.0,4014.0,3988.0,5131.0,4611
ABCAPITAL,70348500.0,67246200.0,63225900.0,61184700,70348500.0,NO,66940200,0.050916,0.967716,26055.0,24906.0,23417.0,22661.0,26055.0,24792
ABFRL,55876600.0,52855400.0,59090200.0,58744400,59090200.0,NO,55940733,0.0563,0.994148,21491.0,20329.0,22727.0,22594.0,22727.0,21515
ACC,5213700.0,3641400.0,4189800.0,4091100,5213700.0,NO,4348300,0.19902,0.976443,17379.0,12138.0,13966.0,13637.0,17379.0,14494
ADANIENT,20760600.0,17830200.0,16767000.0,17040300,20760600.0,NO,18452600,0.125077,1.0163,69202.0,59434.0,55890.0,56801.0,69202.0,61508
ADANIPORTS,25978000.0,31214000.0,27589600.0,27484400,31214000.0,NO,28260533,0.104509,0.996187,64945.0,78035.0,68974.0,68711.0,78035.0,70651
ALKEM,1965500.0,1144800.0,1062400.0,1066700,1965500.0,NO,1390900,0.413114,1.004047,19655.0,11448.0,10624.0,10667.0,19655.0,13909
AMBUJACEM,42915600.0,38235600.0,35748900.0,35839800,42915600.0,NO,38966700,0.10134,1.002543,47684.0,42484.0,39721.0,39822.0,47684.0,43296
APOLLOHOSP,1766750.0,1854125.0,1626125.0,1667125,1854125.0,NO,1749000,0.060106,1.025213,14134.0,14833.0,13009.0,13337.0,14833.0,13992
APOLLOTYRE,13178400.0,12976100.0,13481000.0,13652700,13652700,YES,13211833,0.033369,1.012736,7752.0,7633.0,7930.0,8031.0,8031.0,7771
ASHOKLEY,83327500.0,61980000.0,60355000.0,61212500,83327500.0,NO,68554166,0.215499,1.014208,33331.0,24792.0,24142.0,24485.0,33331.0,27421
ASIANPAINT,11093800.0,13211800.0,14654200.0,13783000,14654200.0,NO,12986600,0.128409,0.940549,55469.0,66059.0,73271.0,68915.0,73271.0,64933
ASTRAL,4435562.0,4623466.0,4704206.0,4463454,4704206.0,NO,4587744,0.025385,0.948822,12086.0,12598.0,12818.0,12162.0,12818.0,12500
ATUL,1100700.0,890800.0,649600.0,646700,1100700.0,NO,880366,0.250275,0.995536,11007.0,8908.0,6496.0,6467.0,11007.0,8803
AUBANK,19186000.0,20477000.0,23390000.0,26332000,26332000,YES,21017666,0.252851,1.12578,19186.0,20477.0,23390.0,26332.0,26332.0,21017
AUROPHARMA,12173700.0,13257200.0,13162600.0,13772550,13772550,YES,12864500,0.070586,1.04634,22134.0,24104.0,23932.0,25041.0,25041.0,23390
AXISBANK,58615000.0,72126875.0,77540000.0,78395625,78395625,YES,69427291,0.129176,1.011035,93784.0,115403.0,124064.0,125433.0,125433.0,111083
BAJAJ-AUTO,2900250.0,2977200.0,3140475.0,3296175,3296175,YES,3005975,0.096541,1.049578,38670.0,39696.0,41873.0,43949.0,43949.0,40079
BAJAJFINSV,10759000.0,15029500.0,13783500.0,13106000,15029500.0,NO,13190666,0.139404,0.950847,21518.0,30059.0,27567.0,26212.0,30059.0,26381
BAJFINANCE,8862625.0,10027125.0,10309750.0,10125625,10309750.0,NO,9733166,0.059239,0.982141,70901.0,80217.0,82478.0,81005.0,82478.0,77865
BALKRISIND,1802400.0,1774800.0,1706100.0,1773600,1802400.0,NO,1761100,0.023451,1.039564,6008.0,5916.0,5687.0,5912.0,6008.0,5870
BANDHANBNK,102855200.0,110479600.0,100570400.0,96157600,110479600.0,NO,104635066,0.055856,0.956122,36734.0,39457.0,35918.0,34342.0,39457.0,37369
BANKBARODA,173721600.0,168061725.0,167374350.0,172847025,173721600.0,NO,169719225,0.023582,1.032697,59392.0,57457.0,57222.0,59093.0,59392.0,58023
BATAINDIA,3728625.0,3349500.0,3252000.0,3164250,3728625.0,NO,3443375,0.08284,0.973017,9943.0,8932.0,8672.0,8438.0,9943.0,9182
BEL,133494000.0,125097900.0,114159600.0,108867150,133494000.0,NO,124250500,0.074394,0.95364,46840.0,43894.0,40056.0,38199.0,46840.0,43596
BERGEPAINT,8627520.0,6705600.0,10087440.0,9304680,10087440.0,NO,8473520,0.190466,0.922403,6536.0,5080.0,7642.0,7049.0,7642.0,6419
BHARATFORG,10123000.0,10934000.0,11239000.0,11355000,11355000,YES,10765333,0.054775,1.010321,20246.0,21868.0,22478.0,22710.0,22710.0,21530
BHARTIARTL,44980125.0,53614200.0,44305625.0,44786325,53614200.0,NO,47633316,0.125561,1.01085,94695.0,112872.0,93275.0,94287.0,112872.0,100280
BHEL,95056500.0,83976375.0,82703250.0,86034375,95056500.0,NO,87245375,0.089531,1.040278,36212.0,31991.0,31506.0,32775.0,36212.0,33236
BIOCON,38562500.0,31710000.0,31592500.0,29395000,38562500.0,NO,33955000,0.135694,0.930442,15425.0,12684.0,12637.0,11758.0,15425.0,13582
BOSCHLTD,278500.0,282075.0,239125.0,240550,282075.0,NO,266566,0.058181,1.005959,11140.0,11283.0,9565.0,9622.0,11283.0,10662
BPCL,73067400.0,60098400.0,55926000.0,53634600,73067400.0,NO,63030600,0.159237,0.959028,40593.0,33388.0,31070.0,29797.0,40593.0,35017
BRITANNIA,2683700.0,2622500.0,2655500.0,2559800,2683700.0,NO,2653900,0.011229,0.963962,26837.0,26225.0,26555.0,25598.0,26837.0,26539
BSOFT,14109000.0,11589000.0,10703000.0,10732000,14109000.0,NO,12133666,0.162798,1.00271,14109.0,11589.0,10703.0,10732.0,14109.0,12133
CANBK,318303000.0,288981000.0,261346500.0,259922250,318303000.0,NO,289543500,0.099327,0.99455,47156.0,42812.0,38718.0,38507.0,47156.0,42895
CANFINHOME,4233450.0,3771300.0,4886700.0,4579575,4886700.0,NO,4297150,0.137196,0.937151,4342.0,3868.0,5012.0,4697.0,5012.0,4407
CHAMBLFERT,9355600.0,9745100.0,8477800.0,8289700,9745100.0,NO,9192833,0.060076,0.977813,4924.0,5129.0,4462.0,4363.0,5129.0,4838
CHOLAFIN,9226875.0,12332500.0,12223750.0,11898750,12332500.0,NO,11261041,0.095147,0.973412,14763.0,19732.0,19558.0,19038.0,19732.0,18017
CIPLA,14402050.0,13822575.0,12829700.0,12648350,14402050.0,NO,13684775,0.052414,0.985865,44314.0,42531.0,39476.0,38918.0,44314.0,42107
COALINDIA,58146900.0,62167350.0,58534350.0,57997800,62167350.0,NO,59616200,0.042793,0.990834,55378.0,59207.0,55747.0,55236.0,59207.0,56777
COFORGE,2017500.0,2024925.0,2508525.0,2437350,2508525.0,NO,2183650,0.148776,0.971627,26900.0,26999.0,33447.0,32498.0,33447.0,29115
COLPAL,3880625.0,4483500.0,5060300.0,5037025,5060300.0,NO,4474808,0.130842,0.9954,22175.0,25620.0,28916.0,28783.0,28916.0,25570
CONCOR,19511000.0,18904000.0,17393000.0,16694000,19511000.0,NO,18602666,0.048828,0.959811,19511.0,18904.0,17393.0,16694.0,19511.0,18602
COROMANDEL,2764300.0,2405200.0,3461850.0,3492650,3492650,YES,2877116,0.213941,1.008897,7898.0,6872.0,9891.0,9979.0,9979.0,8220
CROMPTON,22926600.0,24985800.0,25149600.0,24908400,25149600.0,NO,24354000,0.032668,0.990409,12737.0,13881.0,13972.0,13838.0,13972.0,13530
CUB,39800000.0,31265000.0,28220000.0,29335000,39800000.0,NO,33095000,0.202599,1.039511,7960.0,6253.0,5644.0,5867.0,7960.0,6619
CUMMINSIND,4580850.0,4027200.0,3317850.0,3475800,4580850.0,NO,3975300,0.152328,1.047606,30539.0,26848.0,22119.0,23172.0,30539.0,26502
DABUR,18798750.0,19750000.0,20933750.0,20123750,20933750.0,NO,19827500,0.055794,0.961307,15039.0,15800.0,16747.0,16099.0,16747.0,15862
DALBHARAT,1850475.0,3187525.0,2526975.0,2316050,3187525.0,NO,2521658,0.264059,0.916531,6729.0,11591.0,9189.0,8422.0,11591.0,9169
DEEPAKNTR,1582200.0,2037900.0,1675200.0,1631400,2037900.0,NO,1765100,0.154552,0.973854,5274.0,6793.0,5584.0,5438.0,6793.0,5883
DIVISLAB,3127400.0,3543300.0,3246000.0,3133700,3543300.0,NO,3305566,0.071919,0.965404,31274.0,35433.0,32460.0,31337.0,35433.0,33055
DIXON,1673550.0,1474550.0,1523850.0,1422500,1673550.0,NO,1557316,0.074637,0.933491,33471.0,29491.0,30477.0,28450.0,33471.0,31146
DLF,42987450.0,43465125.0,40849875.0,41481825,43465125.0,NO,42434150,0.024296,1.01547,52106.0,52685.0,49515.0,50281.0,52685.0,51435
DRREDDY,9880000.0,11454375.0,12354375.0,11943125,12354375.0,NO,11229583,0.100163,0.966712,15808.0,18327.0,19767.0,19109.0,19767.0,17967
EICHERMOT,4478425.0,3603075.0,3523625.0,3595550,4478425.0,NO,3868375,0.157702,1.020412,25591.0,20589.0,20135.0,20546.0,25591.0,22105
ESCORTS,1346125.0,1117025.0,1297350.0,1272150,1346125.0,NO,1253500,0.073893,0.980576,4895.0,4096.0,8649.0,8481.0,8649.0,5880
EXIDEIND,30884400.0,37319400.0,34002000.0,32954400,37319400.0,NO,34068600,0.095419,0.96919,17158.0,20733.0,18890.0,18308.0,20733.0,18927
FEDERALBNK,64130000.0,71595000.0,82625000.0,79180000,82625000.0,NO,72783333,0.135219,0.958306,12826.0,14319.0,16525.0,15836.0,16525.0,14556
GAIL,90724850.0,100243650.0,107063650.0,110677950,110677950,YES,99344050,0.114087,1.033758,19833.0,22238.0,45559.0,47097.0,47097.0,29210
GLENMARK,3869325.0,3127125.0,2476825.0,2735850,3869325.0,NO,3157758,0.225339,1.104579,5337.0,4385.0,7621.0,8418.0,8418.0,5781
GNFC,5089500.0,5058300.0,5441800.0,5635500,5635500,YES,5196533,0.084473,1.035595,3915.0,3891.0,4186.0,4335.0,4335.0,3997
GODREJCP,10843000.0,10281500.0,12882500.0,13088000,13088000,YES,11335666,0.154586,1.015952,21686.0,20563.0,25765.0,26176.0,26176.0,22671
GODREJPROP,4362750.0,4528575.0,5022900.0,5059125,5059125,YES,4638075,0.090781,1.007212,19390.0,20127.0,22324.0,22485.0,22485.0,20613
GRANULES,14885000.0,17282000.0,13405000.0,13426000,17282000.0,NO,15190666,0.137672,1.001567,14885.0,17282.0,13405.0,13426.0,17282.0,15190
GRASIM,8492500.0,9787250.0,10986500.0,11451750,11451750,YES,9755416,0.173886,1.042347,33970.0,39149.0,43946.0,45807.0,45807.0,39021
GUJGASLTD,7753750.0,6068750.0,6365000.0,5965000,7753750.0,NO,6729166,0.15226,0.937156,6203.0,4855.0,5092.0,4772.0,6203.0,5383
HAL,12741150.0,10747350.0,9474150.0,9405900,12741150.0,NO,10987550,0.159599,0.992796,84941.0,71649.0,63161.0,62706.0,84941.0,73250
HAVELLS,9694000.0,9251000.0,8331500.0,8478500,9694000.0,NO,9092166,0.066193,1.017644,19388.0,18502.0,16663.0,16957.0,19388.0,18184
HCLTECH,13272000.0,12192250.0,11571000.0,11759300,13272000.0,NO,12345083,0.075084,1.016273,37920.0,34835.0,33060.0,33598.0,37920.0,35271
HDFCAMC,3472800.0,3690900.0,2936550.0,2946000,3690900.0,NO,3366750,0.09628,1.003218,23152.0,24606.0,19577.0,19640.0,24606.0,22445
HDFCBANK,149396500.0,142442300.0,120937850.0,123156000,149396500.0,NO,137592216,0.085792,1.018341,271630.0,258986.0,219887.0,223920.0,271630.0,250167
HDFCLIFE,20571100.0,22435600.0,27978500.0,26755300,27978500.0,NO,23661733,0.182437,0.956281,18701.0,20396.0,25435.0,24323.0,25435.0,21510
HEROMOTOCO,5282850.0,4375200.0,6864300.0,7180800,7180800,YES,5507450,0.303834,1.046108,35219.0,29168.0,45762.0,47872.0,47872.0,36716
HINDALCO,40194000.0,46628400.0,42001400.0,43719200,46628400.0,NO,42941266,0.085865,1.040899,28710.0,33306.0,30001.0,31228.0,33306.0,30672
HINDCOPPER,36609750.0,38690000.0,38992100.0,38032800,38992100.0,NO,38097283,0.023488,0.975398,13815.0,14600.0,14714.0,14352.0,14714.0,14376
HINDPETRO,43363350.0,39825675.0,40356225.0,38177325,43363350.0,NO,41181750,0.052975,0.946008,21414.0,19667.0,19929.0,18853.0,21414.0,20336
HINDUNILVR,15999600.0,15159300.0,14634600.0,14551500,15999600.0,NO,15264500,0.048157,0.994322,53332.0,50531.0,48782.0,48505.0,53332.0,50881
ICICIBANK,83222300.0,81561200.0,83949600.0,84886900,84886900,YES,82911033,0.023831,1.011165,118889.0,116516.0,119928.0,121267.0,121267.0,118444
ICICIGI,7586750.0,6283250.0,5961500.0,6540250,7586750.0,NO,6610500,0.147682,1.097081,30347.0,25133.0,23846.0,26161.0,30347.0,26442
ICICIPRULI,10639500.0,9586500.0,9394500.0,9893250,10639500.0,NO,9873500,0.077581,1.05309,14186.0,12782.0,12526.0,13191.0,14186.0,13164
IDEA,3503920000.0,3693240000.0,3434040000.0,3279680000,3693240000.0,NO,3543733333,0.042189,0.95505,87598.0,92331.0,85851.0,81992.0,92331.0,88593
IDFCFIRSTB,307935000.0,426187500.0,468540000.0,445642500,468540000.0,NO,400887500,0.168757,0.95113,41058.0,56825.0,62472.0,59419.0,62472.0,53451
IEX,49425000.0,42033750.0,34263750.0,32696250,49425000.0,NO,41907500,0.179383,0.954252,13180.0,11209.0,9137.0,8719.0,13180.0,11175
IGL,13311375.0,22248875.0,19916875.0,22037125,22248875.0,NO,18492375,0.203138,1.106455,9681.0,16181.0,14485.0,16027.0,16181.0,13449
INDHOTEL,21373000.0,18641000.0,14194000.0,16541000,21373000.0,NO,18069333,0.182833,1.165352,21373.0,18641.0,14194.0,16541.0,21373.0,18069
INDIAMART,850800.0,1301700.0,1150800.0,1146000,1301700.0,NO,1101100,0.182181,0.995829,2836.0,4339.0,3836.0,3820.0,4339.0,3670
INDIGO,8130750.0,7573500.0,7147200.0,7127550,8130750.0,NO,7617150,0.067427,0.997251,54205.0,50490.0,47648.0,47517.0,54205.0,50781
INDUSINDBK,42841000.0,50297000.0,59483000.0,56531000,59483000.0,NO,50873666,0.16923,0.950372,85682.0,100594.0,118966.0,113062.0,118966.0,101747
INDUSTOWER,93520400.0,81345000.0,95866400.0,89641000,95866400.0,NO,90243933,0.062303,0.935062,55012.0,47850.0,56392.0,52730.0,56392.0,53084
INFY,45029600.0,48478800.0,41493200.0,40341600,48478800.0,NO,45000533,0.077294,0.972246,112574.0,121197.0,103733.0,100854.0,121197.0,112501
IOC,154230375.0,137250750.0,133623750.0,130021125,154230375.0,NO,141701625,0.088416,0.973039,31637.0,28154.0,27410.0,26671.0,31637.0,29067
IPCALAB,1976650.0,2218450.0,2574650.0,2450500,2574650.0,NO,2256583,0.140951,0.95178,3041.0,3413.0,3961.0,3770.0,3961.0,3471
IRCTC,18348750.0,16709875.0,16976750.0,15835750,18348750.0,NO,17345125,0.057862,0.93279,20970.0,19097.0,19402.0,18098.0,20970.0,19823
ITC,107328000.0,112734400.0,91640000.0,76779200,112734400.0,NO,103900800,0.08502,0.837835,67080.0,70459.0,57275.0,47987.0,70459.0,64938
JINDALSTEL,21908125.0,21410625.0,19012500.0,18776250,21908125.0,NO,20777083,0.054437,0.987574,35053.0,34257.0,30420.0,30042.0,35053.0,33243
JKCEMENT,559375.0,701750.0,841250.0,828625,841250.0,NO,700791,0.200429,0.984993,4475.0,5614.0,6730.0,6629.0,6730.0,5606
JSWSTEEL,23234175.0,25423875.0,29674350.0,29829600,29829600,YES,26110800,0.142424,1.005232,34421.0,37665.0,43962.0,44192.0,44192.0,38682
JUBLFOOD,15840000.0,15140000.0,17931250.0,17768750,17931250.0,NO,16303750,0.099824,0.990938,12672.0,12112.0,14345.0,14215.0,14345.0,13043
KOTAKBANK,41085600.0,38090800.0,38966400.0,38663200,41085600.0,NO,39380933,0.043287,0.992219,102714.0,95227.0,97416.0,96658.0,102714.0,98452
LALPATHLAB,840750.0,576300.0,693000.0,734400,840750.0,NO,703350,0.195351,1.05974,5605.0,3842.0,4620.0,4896.0,5605.0,4689
LAURUSLABS,18638800.0,24752000.0,22797000.0,22094900,24752000.0,NO,22062600,0.121899,0.969202,10964.0,14560.0,13410.0,12997.0,14560.0,12978
LICHSGFIN,29342000.0,27232000.0,26198000.0,25319000,29342000.0,NO,27590666,0.063476,0.966448,29342.0,27232.0,26198.0,25319.0,29342.0,27590
LT,17856750.0,16024350.0,15471000.0,15448950,17856750.0,NO,16450700,0.085471,0.998575,119045.0,106829.0,103140.0,102993.0,119045.0,109671
LTF,66050986.0,76380516.0,90127938.0,82899498,90127938.0,NO,77519813,0.162644,0.919798,14803.0,17118.0,20199.0,18579.0,20199.0,17373
LTIM,2913000.0,2474550.0,2491650.0,2552700,2913000.0,NO,2626400,0.109123,1.024502,19420.0,16497.0,16611.0,17018.0,19420.0,17509
LTTS,1016500.0,731300.0,729500.0,684500,1016500.0,NO,825766,0.230978,0.938314,10165.0,7313.0,7295.0,6845.0,10165.0,8257
LUPIN,11380650.0,8795800.0,7310000.0,6872250,11380650.0,NO,9162150,0.242137,0.940116,26778.0,20696.0,17200.0,16170.0,26778.0,21558
M&M,26266275.0,18737250.0,17233125.0,17189725,26266275.0,NO,20745550,0.266116,0.997482,150093.0,107070.0,98475.0,98227.0,150093.0,118546
M&MFIN,32278000.0,31744000.0,30972000.0,31204000,32278000.0,NO,31664666,0.01937,1.007491,16139.0,15872.0,15486.0,15602.0,16139.0,15832
MANAPPURAM,53934000.0,60381000.0,62601000.0,68217000,68217000,YES,58972000,0.156769,1.089711,17978.0,20127.0,20867.0,22739.0,22739.0,19657
MARICO,18132000.0,24582000.0,18207600.0,18702000,24582000.0,NO,20307200,0.210507,1.027153,15110.0,20485.0,15173.0,15585.0,20485.0,16922
MARUTI,3580600.0,3371900.0,3099600.0,3102050,3580600.0,NO,3350700,0.068613,1.00079,71612.0,67438.0,61992.0,62041.0,71612.0,67014
MCX,1639400.0,1571100.0,1309800.0,1405900,1639400.0,NO,1506766,0.088026,1.07337,16394.0,15711.0,13098.0,14059.0,16394.0,15067
METROPOLIS,1002400.0,1006000.0,1543600.0,1574000,1574000,YES,1184000,0.329392,1.019694,2506.0,2515.0,3859.0,3935.0,3935.0,2960
MFSL,4270400.0,4100000.0,3539200.0,3240800,4270400.0,NO,3969866,0.075704,0.915687,5338.0,5125.0,4424.0,4051.0,5338.0,4962
MGL,1769600.0,3484800.0,4795600.0,5127600,5127600,YES,3350000,0.530627,1.06923,4424.0,8712.0,11989.0,12819.0,12819.0,8375
MOTHERSON,103400850.0,103560600.0,120366300.0,118069450,120366300.0,NO,109109250,0.103172,0.980918,29127.0,29172.0,33906.0,33259.0,33906.0,30735
MPHASIS,3812600.0,3573625.0,3525775.0,3299175,3812600.0,NO,3637333,0.048186,0.93573,13864.0,12995.0,12821.0,11997.0,13864.0,13226
MRF,65545.0,57325.0,58275.0,58835,65545.0,NO,60381,0.085524,1.00961,13109.0,11465.0,11655.0,11767.0,13109.0,12076
MUTHOOTFIN,5642175.0,4748425.0,3531000.0,3533750,5642175.0,NO,4640533,0.215846,1.000779,20517.0,17267.0,12840.0,12850.0,20517.0,16874
NATIONALUM,61428750.0,50906250.0,53268750.0,51671250,61428750.0,NO,55201250,0.112814,0.970011,16381.0,13575.0,14205.0,13779.0,16381.0,14720
NAUKRI,1460925.0,1304025.0,1112700.0,1172475,1460925.0,NO,1292550,0.130266,1.053721,19479.0,17387.0,14836.0,15633.0,19479.0,17234
NAVINFLUOR,1945825.0,1558900.0,1460900.0,1494325,1945825.0,NO,1655208,0.175577,1.02288,11119.0,8908.0,8348.0,8539.0,11119.0,9458
NESTLEIND,8010800.0,8163400.0,9241800.0,9029000,9241800.0,NO,8472000,0.090864,0.976974,40054.0,40817.0,46209.0,45145.0,46209.0,42360
NMDC,86283000.0,74722500.0,248346000.0,242649000,248346000.0,NO,136450500,0.820045,0.97706,19174.0,16605.0,18396.0,17974.0,19174.0,18058
NTPC,111282000.0,121245000.0,125880000.0,122737500,125880000.0,NO,119469000,0.053662,0.975036,74188.0,80830.0,83920.0,81825.0,83920.0,79646
OBEROIRLTY,7065450.0,7081200.0,5685750.0,5644100,7081200.0,NO,6610800,0.071156,0.992675,20187.0,20232.0,16245.0,16126.0,20232.0,18888
OFSS,763650.0,599750.0,590650.0,671050,763650.0,NO,651350,0.172411,1.136121,15273.0,11995.0,11813.0,13421.0,15273.0,13027
ONGC,113513400.0,103975025.0,103653550.0,104231050,113513400.0,NO,107047325,0.060404,1.005571,58968.0,54013.0,53846.0,54146.0,58968.0,55609
PAGEIND,264000.0,172170.0,179775.0,176205,264000.0,NO,205315,0.285829,0.980142,17600.0,11478.0,11985.0,11747.0,17600.0,13687
PEL,10671000.0,10556250.0,9909750.0,9840750,10671000.0,NO,10379000,0.028134,0.993037,14228.0,14075.0,13213.0,13121.0,14228.0,13838
PERSISTENT,1669500.0,1519900.0,1281700.0,1781100,1781100,YES,1490366,0.195076,1.389639,16695.0,15199.0,12817.0,17811.0,17811.0,14903
PETRONET,29725500.0,30009000.0,27910500.0,27913500,30009000.0,NO,29215000,0.027178,1.000107,19817.0,20006.0,18607.0,18609.0,20006.0,19476
PFC,55581500.0,58158100.0,58879600.0,62580700,62580700,YES,57539733,0.087608,1.062859,42755.0,44737.0,45292.0,48139.0,48139.0,44261
PIDILITIND,2589000.0,2251500.0,2762250.0,2876000,2876000,YES,2534250,0.134853,1.04118,10356.0,9006.0,11049.0,11504.0,11504.0,10137
PIIND,1082000.0,1396750.0,1641750.0,1682750,1682750,YES,1373500,0.225155,1.024973,8656.0,11174.0,13134.0,13462.0,13462.0,10988
PNB,206096000.0,290184000.0,333656000.0,326664000,333656000.0,NO,276645333,0.206079,0.979044,25762.0,36273.0,41707.0,40833.0,41707.0,34580
POLYCAB,2305250.0,2007125.0,1631500.0,1533125,2305250.0,NO,1981291,0.163509,0.939703,18442.0,16057.0,13052.0,12265.0,18442.0,15850
POWERGRID,100778400.0,79695000.0,75695400.0,73045800,100778400.0,NO,85389600,0.180219,0.964997,55988.0,44275.0,42053.0,40581.0,55988.0,47438
PVRINOX,4319491.0,4535608.0,4016683.0,3877489,4535608.0,NO,4290594,0.057105,0.965346,10613.0,11144.0,9869.0,9527.0,11144.0,10542
RAMCOCEM,7213100.0,8305350.0,6487200.0,6241550,8305350.0,NO,7335216,0.132257,0.962133,8486.0,9771.0,7632.0,7343.0,9771.0,8629
RBLBANK,41920000.0,66197500.0,58027500.0,58945000,66197500.0,NO,55381666,0.195296,1.015811,16768.0,26479.0,23211.0,23578.0,26479.0,22152
RECLTD,58046000.0,50833000.0,43773000.0,46587000,58046000.0,NO,50884000,0.140752,1.064286,58046.0,50833.0,43773.0,46587.0,58046.0,50884
RELIANCE,157728500.0,173398500.0,189567500.0,181556000,189567500.0,NO,173564833,0.0922,0.957738,315457.0,346797.0,379135.0,363112.0,379135.0,347129
SAIL,149972000.0,140868000.0,142748000.0,139808000,149972000.0,NO,144529333,0.037658,0.979404,37493.0,35217.0,35687.0,34952.0,37493.0,36132
SBICARD,21453600.0,20653600.0,22068000.0,21113600,22068000.0,NO,21391733,0.031613,0.956752,26817.0,25817.0,27585.0,26392.0,27585.0,26739
SBILIFE,9470250.0,12230625.0,12550875.0,12108375,12550875.0,NO,11417250,0.099291,0.964743,25254.0,32615.0,33469.0,32289.0,33469.0,30446
SBIN,103456500.0,98337000.0,110070000.0,111005250,111005250,YES,103954500,0.067825,1.008497,137942.0,131116.0,146760.0,148007.0,148007.0,138606
SHREECEM,310825.0,316100.0,386150.0,364800,386150.0,NO,337691,0.143501,0.944711,12433.0,12644.0,15446.0,14592.0,15446.0,13507
SHRIRAMFIN,7913700.0,7177200.0,6499500.0,6457950,7913700.0,NO,7196800,0.099614,0.993607,52758.0,47848.0,43330.0,43053.0,52758.0,47978
SIEMENS,1958175.0,1927425.0,1975125.0,2135250,2135250,YES,1953575,0.092996,1.081071,26109.0,25699.0,26335.0,28470.0,28470.0,26047
SRF,6395250.0,6348750.0,5649375.0,5702625,6395250.0,NO,6131125,0.043079,1.009426,17054.0,16930.0,15065.0,15207.0,17054.0,16349
SUNPHARMA,17886750.0,17800650.0,17143000.0,16306850,17886750.0,NO,17610133,0.015708,0.951225,51105.0,50859.0,48980.0,46591.0,51105.0,50314
SUNTV,4993500.0,4473750.0,4604250.0,4396500,4993500.0,NO,4690500,0.064599,0.954879,6658.0,5965.0,6139.0,5862.0,6658.0,6254
SYNGENE,5091000.0,6302000.0,5813000.0,5479000,6302000.0,NO,5735333,0.098803,0.942543,5091.0,6302.0,5813.0,5479.0,6302.0,5735
TATACHEM,8003050.0,6736950.0,6681950.0,7200050,8003050.0,NO,7140650,0.120773,1.077537,14551.0,12249.0,12149.0,13091.0,14551.0,12983
TATACOMM,5819500.0,5803250.0,6099000.0,6010750,6099000.0,NO,5907250,0.03246,0.98553,23278.0,23213.0,24396.0,24043.0,24396.0,23629
TATACONSUM,11298312.0,15140568.0,14929896.0,14493960,15140568.0,NO,13789592,0.097971,0.970801,24777.0,33203.0,32741.0,31785.0,33203.0,30240
TATAMOTORS,94215000.0,99017600.0,106017450.0,103631550,106017450.0,NO,99750016,0.062831,0.977495,171300.0,180032.0,192759.0,188421.0,192759.0,181363
TATAPOWER,82946700.0,84948750.0,83266650.0,84809700,84948750.0,NO,83720700,0.014668,1.018531,61442.0,62925.0,61679.0,62822.0,62925.0,62015
TATASTEEL,261926500.0,256360500.0,237737500.0,222337500,261926500.0,NO,252008166,0.039357,0.935223,47623.0,46611.0,43225.0,40425.0,47623.0,45819
TCS,16607675.0,12593525.0,10717350.0,10599400,16607675.0,NO,13306183,0.248117,0.988994,94901.0,71963.0,61242.0,60568.0,94901.0,76035
TECHM,14137800.0,11199000.0,10257000.0,10817400,14137800.0,NO,11864600,0.191595,1.054636,23563.0,18665.0,17095.0,18029.0,23563.0,19774
TITAN,10883075.0,9293025.0,7591150.0,7745150,10883075.0,NO,9255750,0.175818,1.020287,62189.0,53103.0,43378.0,44258.0,62189.0,52890
TORNTPHARM,2644000.0,2092000.0,1699250.0,1900500,2644000.0,NO,2145083,0.232586,1.118435,10576.0,8368.0,6797.0,7602.0,10576.0,8580
TRENT,3375300.0,3939500.0,3358100.0,3271100,3939500.0,NO,3557633,0.107337,0.974092,33753.0,39395.0,33581.0,32711.0,39395.0,35576
TVSMOTOR,8318100.0,8284850.0,8067150.0,8820350,8820350,YES,8223366,0.072596,1.093366,23766.0,23671.0,23049.0,25201.0,25201.0,23495
UBL,1655600.0,1692800.0,1336400.0,1371200,1692800.0,NO,1561600,0.084016,1.02604,4139.0,4232.0,3341.0,3428.0,4232.0,3904
ULTRACEMCO,2500550.0,2605250.0,2409250.0,2399750,2605250.0,NO,2505016,0.040013,0.996057,50011.0,52105.0,48185.0,47995.0,52105.0,50100
UNITDSPR,11184250.0,9906750.0,10883250.0,10739400,11184250.0,NO,10658083,0.049368,0.986782,31955.0,28305.0,31095.0,30684.0,31955.0,30451
UPL,34379800.0,27502435.0,29193475.0,28412995,34379800.0,NO,30358570,0.132458,0.973265,26446.0,20297.0,21545.0,20969.0,26446.0,22762
VEDL,121589500.0,109994050.0,102272950.0,103741500,121589500.0,NO,111285500,0.092591,1.014359,105730.0,95647.0,88933.0,90210.0,105730.0,96770
VOLTAS,9310200.0,8907600.0,7259700.0,7407300,9310200.0,NO,8492500,0.096285,1.020331,31034.0,29692.0,24199.0,24691.0,31034.0,28308
WIPRO,44958000.0,39994500.0,57987000.0,58914000,58914000,YES,47646500,0.236481,1.015986,29972.0,26663.0,19329.0,19638.0,29972.0,25321
ZYDUSLIFE,15181200.0,11960100.0,10886400.0,11511000,15181200.0,NO,12675900,0.197643,1.057374,16868.0,13289.0,12096.0,12790.0,16868.0,14084
